DROP DATABASE BIBLIOTECA;

CREATE DATABASE BIBLIOTECA;

USE BIBLIOTECA;

CREATE TABLE FORNITORE (
    ID_FORNITORE INT AUTO_INCREMENT PRIMARY KEY,
    NUMERO_TELEFONO_FORNITORE VARCHAR(10) UNIQUE NOT NULL,
    CONSTRAINT CHECK_NUMERO_TELEFONO_FORNITORE CHECK (NUMERO_TELEFONO_FORNITORE REGEXP '^[0-9]{9,10}$')
);

INSERT INTO FORNITORE (NUMERO_TELEFONO_FORNITORE) VALUES ('3477274025');
INSERT INTO FORNITORE (NUMERO_TELEFONO_FORNITORE) VALUES ('3928347592');
INSERT INTO FORNITORE (NUMERO_TELEFONO_FORNITORE) VALUES ('3815962486');
INSERT INTO FORNITORE (NUMERO_TELEFONO_FORNITORE) VALUES ('3815962487');
INSERT INTO FORNITORE (NUMERO_TELEFONO_FORNITORE) VALUES ('3815962488');
INSERT INTO FORNITORE (NUMERO_TELEFONO_FORNITORE) VALUES ('3815962489');
INSERT INTO FORNITORE (NUMERO_TELEFONO_FORNITORE) VALUES ('3815962490');
INSERT INTO FORNITORE (NUMERO_TELEFONO_FORNITORE) VALUES ('3815962483');
INSERT INTO FORNITORE (NUMERO_TELEFONO_FORNITORE) VALUES ('3815962481');
INSERT INTO FORNITORE (NUMERO_TELEFONO_FORNITORE) VALUES ('3815962472');
INSERT INTO FORNITORE (NUMERO_TELEFONO_FORNITORE) VALUES ('3815962412');
INSERT INTO FORNITORE (NUMERO_TELEFONO_FORNITORE) VALUES ('3815962485');
INSERT INTO FORNITORE (NUMERO_TELEFONO_FORNITORE) VALUES ('3815962365');
INSERT INTO FORNITORE (NUMERO_TELEFONO_FORNITORE) VALUES ('3815962378');
INSERT INTO FORNITORE (NUMERO_TELEFONO_FORNITORE) VALUES ('3815962389');
INSERT INTO FORNITORE (NUMERO_TELEFONO_FORNITORE) VALUES ('3477274000');
INSERT INTO FORNITORE (NUMERO_TELEFONO_FORNITORE) VALUES ('3928347001');
INSERT INTO FORNITORE (NUMERO_TELEFONO_FORNITORE) VALUES ('3815962002');
INSERT INTO FORNITORE (NUMERO_TELEFONO_FORNITORE) VALUES ('3815962003');
INSERT INTO FORNITORE (NUMERO_TELEFONO_FORNITORE) VALUES ('3815962004');
INSERT INTO FORNITORE (NUMERO_TELEFONO_FORNITORE) VALUES ('3815962005');
INSERT INTO FORNITORE (NUMERO_TELEFONO_FORNITORE) VALUES ('3815962006');
INSERT INTO FORNITORE (NUMERO_TELEFONO_FORNITORE) VALUES ('3815962007');
INSERT INTO FORNITORE (NUMERO_TELEFONO_FORNITORE) VALUES ('3815962008');
INSERT INTO FORNITORE (NUMERO_TELEFONO_FORNITORE) VALUES ('3815962009');
INSERT INTO FORNITORE (NUMERO_TELEFONO_FORNITORE) VALUES ('3815962010');
INSERT INTO FORNITORE (NUMERO_TELEFONO_FORNITORE) VALUES ('3815962011');
INSERT INTO FORNITORE (NUMERO_TELEFONO_FORNITORE) VALUES ('3815962012');
INSERT INTO FORNITORE (NUMERO_TELEFONO_FORNITORE) VALUES ('3815962013');
INSERT INTO FORNITORE (NUMERO_TELEFONO_FORNITORE) VALUES ('3815962014');

CREATE TABLE BIBLIOTECARIO (
    NUMERO_MATRICOLA CHAR(8) PRIMARY KEY,
    NOME_BIBLIOTECARIO VARCHAR(20) NOT NULL,
    COGNOME_BIBLIOTECARIO VARCHAR(20) NOT NULL,
    DATA_NASCITA_BIBLIOTECARIO DATE NOT NULL,
    NUMERO_TELEFONO_BIBLIOTECARIO VARCHAR(10) UNIQUE NOT NULL,
    CHECK (NUMERO_MATRICOLA REGEXP '^[0-9]{8}$'),
    CHECK (NOME_BIBLIOTECARIO REGEXP '^[A-Za-z]+$'),
    CHECK (COGNOME_BIBLIOTECARIO REGEXP '^[A-Za-z ]+$'),
    CHECK (NUMERO_TELEFONO_BIBLIOTECARIO REGEXP '^[0-9]{9,10}$')
);

INSERT INTO BIBLIOTECARIO (NUMERO_MATRICOLA, NOME_BIBLIOTECARIO, COGNOME_BIBLIOTECARIO, DATA_NASCITA_BIBLIOTECARIO, NUMERO_TELEFONO_BIBLIOTECARIO) VALUES ('00011234', 'Ciro', 'Esposito', '2003-06-01', '3317575738');
INSERT INTO BIBLIOTECARIO (NUMERO_MATRICOLA, NOME_BIBLIOTECARIO, COGNOME_BIBLIOTECARIO, DATA_NASCITA_BIBLIOTECARIO, NUMERO_TELEFONO_BIBLIOTECARIO) VALUES ('00011235', 'Luisa', 'Pastrugni', '2000-02-27', '3928347392');
INSERT INTO BIBLIOTECARIO (NUMERO_MATRICOLA, NOME_BIBLIOTECARIO, COGNOME_BIBLIOTECARIO, DATA_NASCITA_BIBLIOTECARIO, NUMERO_TELEFONO_BIBLIOTECARIO) VALUES ('00011236', 'Mario', 'Rossi', '1980-03-30', '3958347392');
INSERT INTO BIBLIOTECARIO (NUMERO_MATRICOLA, NOME_BIBLIOTECARIO, COGNOME_BIBLIOTECARIO, DATA_NASCITA_BIBLIOTECARIO, NUMERO_TELEFONO_BIBLIOTECARIO) VALUES ('00011237', 'Franco', 'Calogero', '2001-12-25', '3925347392');
INSERT INTO BIBLIOTECARIO (NUMERO_MATRICOLA, NOME_BIBLIOTECARIO, COGNOME_BIBLIOTECARIO, DATA_NASCITA_BIBLIOTECARIO, NUMERO_TELEFONO_BIBLIOTECARIO) VALUES ('00011238', 'Maria', 'Bianchi', '2001-03-12', '3928347396');
INSERT INTO BIBLIOTECARIO (NUMERO_MATRICOLA, NOME_BIBLIOTECARIO, COGNOME_BIBLIOTECARIO, DATA_NASCITA_BIBLIOTECARIO, NUMERO_TELEFONO_BIBLIOTECARIO) VALUES ('00011239', 'Luigi', 'Riccardi', '2001-10-10', '3928341392');
INSERT INTO BIBLIOTECARIO (NUMERO_MATRICOLA, NOME_BIBLIOTECARIO, COGNOME_BIBLIOTECARIO, DATA_NASCITA_BIBLIOTECARIO, NUMERO_TELEFONO_BIBLIOTECARIO) VALUES ('00011240', 'Paolo', 'Damiano', '2004-04-07', '3926347392');
INSERT INTO BIBLIOTECARIO (NUMERO_MATRICOLA, NOME_BIBLIOTECARIO, COGNOME_BIBLIOTECARIO, DATA_NASCITA_BIBLIOTECARIO, NUMERO_TELEFONO_BIBLIOTECARIO) VALUES ('00011241', 'Antonio', 'Porricelli', '2001-08-11', '3926347789');
INSERT INTO BIBLIOTECARIO (NUMERO_MATRICOLA, NOME_BIBLIOTECARIO, COGNOME_BIBLIOTECARIO, DATA_NASCITA_BIBLIOTECARIO, NUMERO_TELEFONO_BIBLIOTECARIO) VALUES ('00011242', 'Gaia', 'Verdi', '2001-02-28', '3926347654');
INSERT INTO BIBLIOTECARIO (NUMERO_MATRICOLA, NOME_BIBLIOTECARIO, COGNOME_BIBLIOTECARIO, DATA_NASCITA_BIBLIOTECARIO, NUMERO_TELEFONO_BIBLIOTECARIO) VALUES ('00011243', 'Luisa', 'Marrone', '2001-06-17', '3926347321');
INSERT INTO BIBLIOTECARIO (NUMERO_MATRICOLA, NOME_BIBLIOTECARIO, COGNOME_BIBLIOTECARIO, DATA_NASCITA_BIBLIOTECARIO, NUMERO_TELEFONO_BIBLIOTECARIO) VALUES ('00011244', 'Claudio', 'Rendi', '2001-09-25', '3926347123');
INSERT INTO BIBLIOTECARIO (NUMERO_MATRICOLA, NOME_BIBLIOTECARIO, COGNOME_BIBLIOTECARIO, DATA_NASCITA_BIBLIOTECARIO, NUMERO_TELEFONO_BIBLIOTECARIO) VALUES ('00011245', 'Tullio', 'Renato', '2001-11-23', '3926347798');
INSERT INTO BIBLIOTECARIO (NUMERO_MATRICOLA, NOME_BIBLIOTECARIO, COGNOME_BIBLIOTECARIO, DATA_NASCITA_BIBLIOTECARIO, NUMERO_TELEFONO_BIBLIOTECARIO) VALUES ('00011246', 'Romeo', 'Giulietti', '2001-12-29', '3926347465');
INSERT INTO BIBLIOTECARIO (NUMERO_MATRICOLA, NOME_BIBLIOTECARIO, COGNOME_BIBLIOTECARIO, DATA_NASCITA_BIBLIOTECARIO, NUMERO_TELEFONO_BIBLIOTECARIO) VALUES ('00011247', 'Francesco', 'Franchetti', '2001-01-25', '3926347390');
INSERT INTO BIBLIOTECARIO (NUMERO_MATRICOLA, NOME_BIBLIOTECARIO, COGNOME_BIBLIOTECARIO, DATA_NASCITA_BIBLIOTECARIO, NUMERO_TELEFONO_BIBLIOTECARIO) VALUES ('00011248', 'Martina', 'Amore', '2001-05-25', '3926347999');


CREATE TABLE CLIENTE (
    CODICE_FISCALE_CLIENTE CHAR(16) PRIMARY KEY,
    DATA_NASCITA_CLIENTE DATE NOT NULL,
    NOME_CLIENTE VARCHAR(20) NOT NULL,
    COGNOME_CLIENTE VARCHAR(20) NOT NULL,
    EMAIL_CLIENTE VARCHAR(30) UNIQUE NOT NULL,
    CHECK (CODICE_FISCALE_CLIENTE REGEXP '^[A-Z]{6}[0-9]{2}[A-Z][0-9]{2}[A-Z][0-9]{3}[A-Z]$'),
    CHECK (NOME_CLIENTE REGEXP '^[A-Za-z]+$'),
    CHECK (COGNOME_CLIENTE REGEXP '^[A-Za-z ]+$'),
    CHECK (EMAIL_CLIENTE LIKE '%@%.%' AND EMAIL_CLIENTE NOT LIKE '@%' AND EMAIL_CLIENTE NOT LIKE '%@%@%')
);

INSERT INTO CLIENTE (CODICE_FISCALE_CLIENTE, DATA_NASCITA_CLIENTE, NOME_CLIENTE, COGNOME_CLIENTE, EMAIL_CLIENTE) VALUES ('RMOGTN03A22F839U', '2003-01-22', 'Gaetano', 'Romeo', 'gaetanoromeo03@gmail.com');
INSERT INTO CLIENTE (CODICE_FISCALE_CLIENTE, DATA_NASCITA_CLIENTE, NOME_CLIENTE, COGNOME_CLIENTE, EMAIL_CLIENTE) VALUES ('PCRGNN02D09H892T', '2002-04-09', 'Giovanni', 'Picardi', 'giovannipicardi02@gmail.com');
INSERT INTO CLIENTE (CODICE_FISCALE_CLIENTE, DATA_NASCITA_CLIENTE, NOME_CLIENTE, COGNOME_CLIENTE, EMAIL_CLIENTE) VALUES ('RCPLNZ01C11F839V', '2001-03-11', 'Lorenzo', 'Arcopinto', 'lorenzoarcopinto01@gmail.com');
INSERT INTO CLIENTE (CODICE_FISCALE_CLIENTE, DATA_NASCITA_CLIENTE, NOME_CLIENTE, COGNOME_CLIENTE, EMAIL_CLIENTE) VALUES ('RSSPSQ80H16F839S', '2004-06-16', 'Pasquale', 'Rossi', 'pasqualerossi04@gmail.com');
INSERT INTO CLIENTE (CODICE_FISCALE_CLIENTE, DATA_NASCITA_CLIENTE, NOME_CLIENTE, COGNOME_CLIENTE, EMAIL_CLIENTE) VALUES ('BCHNTN04R09F839Y', '1999-10-09', 'Antonio', 'Bianchi', 'antoniobianchi99@gmail.com');
INSERT INTO CLIENTE (CODICE_FISCALE_CLIENTE, DATA_NASCITA_CLIENTE, NOME_CLIENTE, COGNOME_CLIENTE, EMAIL_CLIENTE) VALUES ('VRDGSP96S28F839U', '1996-11-28', 'Giuseppe', 'Verdi', 'giuseppeverdi96@gmail.com');
INSERT INTO CLIENTE (CODICE_FISCALE_CLIENTE, DATA_NASCITA_CLIENTE, NOME_CLIENTE, COGNOME_CLIENTE, EMAIL_CLIENTE) VALUES ('NRNMRA97B18F839K', '1997-02-18', 'Maria', 'Incarnato', 'mariaincarnato97@gmail.com');
INSERT INTO CLIENTE (CODICE_FISCALE_CLIENTE, DATA_NASCITA_CLIENTE, NOME_CLIENTE, COGNOME_CLIENTE, EMAIL_CLIENTE) VALUES ('LSUGLI00M53F839L', '2000-08-13', 'Giulia', 'Luisi', 'giulialuisi00@gmail.com');
INSERT INTO CLIENTE (CODICE_FISCALE_CLIENTE, DATA_NASCITA_CLIENTE, NOME_CLIENTE, COGNOME_CLIENTE, EMAIL_CLIENTE) VALUES ('SRNMRT01P41F839P', '2001-11-01', 'Marta', 'Sorrentino', 'martasorrentino01@gmail.com');
INSERT INTO CLIENTE (CODICE_FISCALE_CLIENTE, DATA_NASCITA_CLIENTE, NOME_CLIENTE, COGNOME_CLIENTE, EMAIL_CLIENTE) VALUES ('SPELCU02E22F839K', '2002-05-22', 'Luca', 'Serpe', 'lucaserpe02@gmail.com');
INSERT INTO CLIENTE (CODICE_FISCALE_CLIENTE, DATA_NASCITA_CLIENTE, NOME_CLIENTE, COGNOME_CLIENTE, EMAIL_CLIENTE) VALUES ('DGHMRA98C29F839K', '1998-03-29', 'Mario', 'Draghi', 'mariodraghi98@gmail.com');
INSERT INTO CLIENTE (CODICE_FISCALE_CLIENTE, DATA_NASCITA_CLIENTE, NOME_CLIENTE, COGNOME_CLIENTE, EMAIL_CLIENTE) VALUES ('CCCRSR89T57F839Z', '1989-12-17', 'Rosaria', 'Cicci', 'rosariacicci89@gmail.com');
INSERT INTO CLIENTE (CODICE_FISCALE_CLIENTE, DATA_NASCITA_CLIENTE, NOME_CLIENTE, COGNOME_CLIENTE, EMAIL_CLIENTE) VALUES ('RCRRMN03H21F839U', '2003-07-21', 'Armando', 'Riccardi', 'armandoriccardi03@gmail.com');
INSERT INTO CLIENTE (CODICE_FISCALE_CLIENTE, DATA_NASCITA_CLIENTE, NOME_CLIENTE, COGNOME_CLIENTE, EMAIL_CLIENTE) VALUES ('LPPPLA90A42F839T', '1990-01-02', 'Paola', 'Lippi', 'paolalippi90@gmail.com');
INSERT INTO CLIENTE (CODICE_FISCALE_CLIENTE, DATA_NASCITA_CLIENTE, NOME_CLIENTE, COGNOME_CLIENTE, EMAIL_CLIENTE) VALUES ('MNTNNZ04P51F839M', '2004-09-11', 'Nunzia', 'Aminto', 'nunziaaminto04@gmail.com');
INSERT INTO CLIENTE (CODICE_FISCALE_CLIENTE, DATA_NASCITA_CLIENTE, NOME_CLIENTE, COGNOME_CLIENTE, EMAIL_CLIENTE) VALUES ('RNAFNC03A10F839A', '2003-01-10', 'Francesco', 'Arno', 'francarno03@gmail.com');
INSERT INTO CLIENTE (CODICE_FISCALE_CLIENTE, DATA_NASCITA_CLIENTE, NOME_CLIENTE, COGNOME_CLIENTE, EMAIL_CLIENTE) VALUES ('BRNSLV02B09F839X', '2002-02-09', 'Silvio', 'Berna', 'silvioberna02@gmail.com');
INSERT INTO CLIENTE (CODICE_FISCALE_CLIENTE, DATA_NASCITA_CLIENTE, NOME_CLIENTE, COGNOME_CLIENTE, EMAIL_CLIENTE) VALUES ('CSNRND01C08F839B', '2001-03-08', 'Armando', 'Casini', 'armini01@gmail.com');
INSERT INTO CLIENTE (CODICE_FISCALE_CLIENTE, DATA_NASCITA_CLIENTE, NOME_CLIENTE, COGNOME_CLIENTE, EMAIL_CLIENTE) VALUES ('DNGLNZ00D07F839I', '2000-04-07', 'Lorenzo', 'De Angelis', 'lorenzoangel00@gmail.com');
INSERT INTO CLIENTE (CODICE_FISCALE_CLIENTE, DATA_NASCITA_CLIENTE, NOME_CLIENTE, COGNOME_CLIENTE, EMAIL_CLIENTE) VALUES ('MPLNDR99E06F839U', '1999-05-06', 'Andrea', 'Empolio', 'andreaempolio99@gmail.com');
INSERT INTO CLIENTE (CODICE_FISCALE_CLIENTE, DATA_NASCITA_CLIENTE, NOME_CLIENTE, COGNOME_CLIENTE, EMAIL_CLIENTE) VALUES ('FRNGNR98H05F839S', '1998-06-05', 'Gennaro', 'Franchi', 'gennarofranchi98@gmail.com');
INSERT INTO CLIENTE (CODICE_FISCALE_CLIENTE, DATA_NASCITA_CLIENTE, NOME_CLIENTE, COGNOME_CLIENTE, EMAIL_CLIENTE) VALUES ('GRLNTN96M03F839U', '1997-07-04', 'Antonio', 'Geraldeschi', 'antoniogerald97@gmail.com');
INSERT INTO CLIENTE (CODICE_FISCALE_CLIENTE, DATA_NASCITA_CLIENTE, NOME_CLIENTE, COGNOME_CLIENTE, EMAIL_CLIENTE) VALUES ('HBRRST96M03F839S', '1996-08-03', 'Ernesto', 'Hauber', 'ernestohauber96@gmail.com');
INSERT INTO CLIENTE (CODICE_FISCALE_CLIENTE, DATA_NASCITA_CLIENTE, NOME_CLIENTE, COGNOME_CLIENTE, EMAIL_CLIENTE) VALUES ('RIOPLA95P42F839C', '1995-09-02', 'Paola', 'Iorio', 'paolaiorio95@gmail.com');
INSERT INTO CLIENTE (CODICE_FISCALE_CLIENTE, DATA_NASCITA_CLIENTE, NOME_CLIENTE, COGNOME_CLIENTE, EMAIL_CLIENTE) VALUES ('LNTNNT94R41F839M', '1994-10-01', 'Antonietta', 'Leontosi', 'antoniettaleontosi94@gmail.com');
INSERT INTO CLIENTE (CODICE_FISCALE_CLIENTE, DATA_NASCITA_CLIENTE, NOME_CLIENTE, COGNOME_CLIENTE, EMAIL_CLIENTE) VALUES ('MLNBBR92S70F839C', '1993-11-30', 'Barbara', 'Milano', 'barbaramilano93@gmail.com');
INSERT INTO CLIENTE (CODICE_FISCALE_CLIENTE, DATA_NASCITA_CLIENTE, NOME_CLIENTE, COGNOME_CLIENTE, EMAIL_CLIENTE) VALUES ('NRNCCT92P69F839C', '1992-09-29', 'Concetta', 'Nerano', 'concerano92@gmail.com');
INSERT INTO CLIENTE (CODICE_FISCALE_CLIENTE, DATA_NASCITA_CLIENTE, NOME_CLIENTE, COGNOME_CLIENTE, EMAIL_CLIENTE) VALUES ('STNFNC91T68F839F', '1991-12-28', 'Francesca', 'Ostuni', 'francescaostuni91@gmail.com');
INSERT INTO CLIENTE (CODICE_FISCALE_CLIENTE, DATA_NASCITA_CLIENTE, NOME_CLIENTE, COGNOME_CLIENTE, EMAIL_CLIENTE) VALUES ('PRMCML90P67F839I', '1990-09-27', 'Carmela', 'Parma', 'carmelaparma90@gmail.com');
INSERT INTO CLIENTE (CODICE_FISCALE_CLIENTE, DATA_NASCITA_CLIENTE, NOME_CLIENTE, COGNOME_CLIENTE, EMAIL_CLIENTE) VALUES ('QNTFLV89D66F839L', '1989-04-26', 'Flavia', 'Quinto', 'flaviaquinto89@gmail.com');

CREATE TABLE EVENTO (
    DATA_E_ORA_EVENTO DATETIME PRIMARY KEY,
    DURATA_EVENTO DECIMAL(5,2) NOT NULL,
    NOME_EVENTO VARCHAR(40) NOT NULL,
    CHECK (DURATA_EVENTO IN (1.00, 1.30, 2.00)),
    CHECK (NOME_EVENTO REGEXP '^[A-Za-z ]+$')
);

INSERT INTO EVENTO (DATA_E_ORA_EVENTO, DURATA_EVENTO, NOME_EVENTO) VALUES ('2022-12-31 12:30:00', 1, 'LABORATORIO LETTURA');
INSERT INTO EVENTO (DATA_E_ORA_EVENTO, DURATA_EVENTO, NOME_EVENTO) VALUES ('2018-03-22 10:00:00', 1.30, 'LABORATORIO SCRITTURA');
INSERT INTO EVENTO (DATA_E_ORA_EVENTO, DURATA_EVENTO, NOME_EVENTO) VALUES ('2023-07-11 15:00:00', 1, 'PRESENTAZIONE LIBRO');
INSERT INTO EVENTO (DATA_E_ORA_EVENTO, DURATA_EVENTO, NOME_EVENTO) VALUES ('2019-04-19 16:00:00', 2, 'LETTURA LIBRI STRANIERI');
INSERT INTO EVENTO (DATA_E_ORA_EVENTO, DURATA_EVENTO, NOME_EVENTO) VALUES ('2018-02-23 11:00:00', 1.30, 'PROIEZIONE DI FILM');
INSERT INTO EVENTO (DATA_E_ORA_EVENTO, DURATA_EVENTO, NOME_EVENTO) VALUES ('2020-10-27 17:00:00', 1, 'LABORATORIO SCRITTURA');
INSERT INTO EVENTO (DATA_E_ORA_EVENTO, DURATA_EVENTO, NOME_EVENTO) VALUES ('2021-07-12 16:00:00', 1, 'LABORATORIO SCRITTURA');
INSERT INTO EVENTO (DATA_E_ORA_EVENTO, DURATA_EVENTO, NOME_EVENTO) VALUES ('2017-05-03 12:00:00', 1.30, 'LETTURA LIBRI STRANIERI');
INSERT INTO EVENTO (DATA_E_ORA_EVENTO, DURATA_EVENTO, NOME_EVENTO) VALUES ('2023-06-11 11:00:00', 2, 'PRESENTAZIONE LIBRO');
INSERT INTO EVENTO (DATA_E_ORA_EVENTO, DURATA_EVENTO, NOME_EVENTO) VALUES ('2022-08-05 15:00:00', 2, 'PROIEZIONE DI FILM');
INSERT INTO EVENTO (DATA_E_ORA_EVENTO, DURATA_EVENTO, NOME_EVENTO) VALUES ('2019-03-16 17:00:00', 1.30, 'PRESENTAZIONE LIBRO');
INSERT INTO EVENTO (DATA_E_ORA_EVENTO, DURATA_EVENTO, NOME_EVENTO) VALUES ('2018-07-28 10:00:00', 1, 'LABORATORIO SCRITTURA');
INSERT INTO EVENTO (DATA_E_ORA_EVENTO, DURATA_EVENTO, NOME_EVENTO) VALUES ('2019-02-25 11:00:00', 1, 'PRESENTAZIONE LIBRO');
INSERT INTO EVENTO (DATA_E_ORA_EVENTO, DURATA_EVENTO, NOME_EVENTO) VALUES ('2017-01-21 13:30:00', 1.30, 'LETTURA LIBRI STRANIERI');
INSERT INTO EVENTO (DATA_E_ORA_EVENTO, DURATA_EVENTO, NOME_EVENTO) VALUES ('2020-12-13 12:00:00', 1, 'PRESENTAZIONE LIBRO');

CREATE TABLE SCAFFALE (
    NUMERO_PIANO TINYINT,
    CATEGORIA_SCAFFALE VARCHAR(20),
    DATA_ACQUISTO_SCAFFALE DATE NOT NULL,
    PRIMARY KEY (NUMERO_PIANO, CATEGORIA_SCAFFALE),
    CHECK (NUMERO_PIANO IN (1, 2, 3)),
    CHECK (LOWER(CATEGORIA_SCAFFALE) IN ('storia', 'letteratura', 'geografia', 'fantasy', 'scienze', 'giallo', 'romanzo', 'matematica', 'horror'))
);

INSERT INTO SCAFFALE (NUMERO_PIANO, CATEGORIA_SCAFFALE, DATA_ACQUISTO_SCAFFALE) VALUES (1, 'STORIA', '2020-04-19');
INSERT INTO SCAFFALE (NUMERO_PIANO, CATEGORIA_SCAFFALE, DATA_ACQUISTO_SCAFFALE) VALUES (2, 'STORIA', '2021-10-12');
INSERT INTO SCAFFALE (NUMERO_PIANO, CATEGORIA_SCAFFALE, DATA_ACQUISTO_SCAFFALE) VALUES (3, 'STORIA', '2021-01-23');
INSERT INTO SCAFFALE (NUMERO_PIANO, CATEGORIA_SCAFFALE, DATA_ACQUISTO_SCAFFALE) VALUES (1, 'LETTERATURA', '2022-03-07');
INSERT INTO SCAFFALE (NUMERO_PIANO, CATEGORIA_SCAFFALE, DATA_ACQUISTO_SCAFFALE) VALUES (2, 'LETTERATURA', '2022-06-18');
INSERT INTO SCAFFALE (NUMERO_PIANO, CATEGORIA_SCAFFALE, DATA_ACQUISTO_SCAFFALE) VALUES (3, 'LETTERATURA', '2019-11-14');
INSERT INTO SCAFFALE (NUMERO_PIANO, CATEGORIA_SCAFFALE, DATA_ACQUISTO_SCAFFALE) VALUES (1, 'GEOGRAFIA', '2021-08-01');
INSERT INTO SCAFFALE (NUMERO_PIANO, CATEGORIA_SCAFFALE, DATA_ACQUISTO_SCAFFALE) VALUES (2, 'GEOGRAFIA', '2020-09-15');
INSERT INTO SCAFFALE (NUMERO_PIANO, CATEGORIA_SCAFFALE, DATA_ACQUISTO_SCAFFALE) VALUES (3, 'GEOGRAFIA', '2021-11-23');
INSERT INTO SCAFFALE (NUMERO_PIANO, CATEGORIA_SCAFFALE, DATA_ACQUISTO_SCAFFALE) VALUES (1, 'SCIENZE', '2019-04-17');
INSERT INTO SCAFFALE (NUMERO_PIANO, CATEGORIA_SCAFFALE, DATA_ACQUISTO_SCAFFALE) VALUES (2, 'SCIENZE', '2022-02-27');
INSERT INTO SCAFFALE (NUMERO_PIANO, CATEGORIA_SCAFFALE, DATA_ACQUISTO_SCAFFALE) VALUES (3, 'SCIENZE', '2021-10-19');
INSERT INTO SCAFFALE (NUMERO_PIANO, CATEGORIA_SCAFFALE, DATA_ACQUISTO_SCAFFALE) VALUES (1, 'MATEMATICA', '2020-06-21');
INSERT INTO SCAFFALE (NUMERO_PIANO, CATEGORIA_SCAFFALE, DATA_ACQUISTO_SCAFFALE) VALUES (2, 'MATEMATICA', '2021-12-04');
INSERT INTO SCAFFALE (NUMERO_PIANO, CATEGORIA_SCAFFALE, DATA_ACQUISTO_SCAFFALE) VALUES (3, 'MATEMATICA', '2023-02-02');
INSERT INTO SCAFFALE (NUMERO_PIANO, CATEGORIA_SCAFFALE, DATA_ACQUISTO_SCAFFALE) VALUES (1, 'HORROR', '2019-09-18');
INSERT INTO SCAFFALE (NUMERO_PIANO, CATEGORIA_SCAFFALE, DATA_ACQUISTO_SCAFFALE) VALUES (2, 'HORROR', '2021-08-06');
INSERT INTO SCAFFALE (NUMERO_PIANO, CATEGORIA_SCAFFALE, DATA_ACQUISTO_SCAFFALE) VALUES (3, 'HORROR', '2022-12-26');
INSERT INTO SCAFFALE (NUMERO_PIANO, CATEGORIA_SCAFFALE, DATA_ACQUISTO_SCAFFALE) VALUES (1, 'FANTASY', '2023-03-28');
INSERT INTO SCAFFALE (NUMERO_PIANO, CATEGORIA_SCAFFALE, DATA_ACQUISTO_SCAFFALE) VALUES (2, 'FANTASY', '2019-04-15');
INSERT INTO SCAFFALE (NUMERO_PIANO, CATEGORIA_SCAFFALE, DATA_ACQUISTO_SCAFFALE) VALUES (3, 'FANTASY', '2019-06-19');
INSERT INTO SCAFFALE (NUMERO_PIANO, CATEGORIA_SCAFFALE, DATA_ACQUISTO_SCAFFALE) VALUES (1, 'GIALLO', '2021-07-07');
INSERT INTO SCAFFALE (NUMERO_PIANO, CATEGORIA_SCAFFALE, DATA_ACQUISTO_SCAFFALE) VALUES (2, 'GIALLO', '2020-03-09');
INSERT INTO SCAFFALE (NUMERO_PIANO, CATEGORIA_SCAFFALE, DATA_ACQUISTO_SCAFFALE) VALUES (3, 'GIALLO', '2023-01-28');
INSERT INTO SCAFFALE (NUMERO_PIANO, CATEGORIA_SCAFFALE, DATA_ACQUISTO_SCAFFALE) VALUES (1, 'ROMANZO', '2017-02-21');
INSERT INTO SCAFFALE (NUMERO_PIANO, CATEGORIA_SCAFFALE, DATA_ACQUISTO_SCAFFALE) VALUES (2, 'ROMANZO', '2018-04-18');
INSERT INTO SCAFFALE (NUMERO_PIANO, CATEGORIA_SCAFFALE, DATA_ACQUISTO_SCAFFALE) VALUES (3, 'ROMANZO', '2017-12-19');

CREATE TABLE AUTORE (
    ISNI CHAR(16) PRIMARY KEY,
    NOME_AUTORE VARCHAR(20) NOT NULL,
    COGNOME_AUTORE VARCHAR(20) NOT NULL,
    CHECK (ISNI REGEXP '^[0-9]{16}$'),
    CHECK (NOME_AUTORE REGEXP '^[A-Za-z]+$'),
    CHECK (COGNOME_AUTORE REGEXP '^[A-Za-z ]+$')
);

INSERT INTO AUTORE (ISNI, NOME_AUTORE, COGNOME_AUTORE) VALUES ('0000000123456789', 'Virginia', 'Woolf');
INSERT INTO AUTORE (ISNI, NOME_AUTORE, COGNOME_AUTORE) VALUES ('0000001123456789', 'Ugo', 'Foscolo');
INSERT INTO AUTORE (ISNI, NOME_AUTORE, COGNOME_AUTORE) VALUES ('0000011123456789', 'Dante', 'Alighieri');
INSERT INTO AUTORE (ISNI, NOME_AUTORE, COGNOME_AUTORE) VALUES ('0000111123456789', 'Mark', 'Twain');
INSERT INTO AUTORE (ISNI, NOME_AUTORE, COGNOME_AUTORE) VALUES ('0001111123456789', 'Oscar', 'Wilde');
INSERT INTO AUTORE (ISNI, NOME_AUTORE, COGNOME_AUTORE) VALUES ('0011111123456789', 'Dorian', 'Gray');
INSERT INTO AUTORE (ISNI, NOME_AUTORE, COGNOME_AUTORE) VALUES ('0111111123456789', 'Leo', 'Tolstoy');
INSERT INTO AUTORE (ISNI, NOME_AUTORE, COGNOME_AUTORE) VALUES ('1111111123456789', 'Jane', 'Austen');
INSERT INTO AUTORE (ISNI, NOME_AUTORE, COGNOME_AUTORE) VALUES ('2111111123456789', 'Fyodor', 'Dostoevsky');
INSERT INTO AUTORE (ISNI, NOME_AUTORE, COGNOME_AUTORE) VALUES ('2211111123456789', 'Harper', 'Lee');
INSERT INTO AUTORE (ISNI, NOME_AUTORE, COGNOME_AUTORE) VALUES ('2221111123456789', 'Toni', 'Morrison');
INSERT INTO AUTORE (ISNI, NOME_AUTORE, COGNOME_AUTORE) VALUES ('2222111123456789', 'Agatha', 'Christie');
INSERT INTO AUTORE (ISNI, NOME_AUTORE, COGNOME_AUTORE) VALUES ('2222211123456789', 'Charles', 'Dickens');
INSERT INTO AUTORE (ISNI, NOME_AUTORE, COGNOME_AUTORE) VALUES ('2222221123456789', 'George', 'Orwell');
INSERT INTO AUTORE (ISNI, NOME_AUTORE, COGNOME_AUTORE) VALUES ('2222222123456789', 'William', 'Shakespeare');

CREATE TABLE LIBRO (
    ISBN CHAR(13) PRIMARY KEY,
    TITOLO VARCHAR(30) NOT NULL,
    ANNO_PUBBLICAZIONE INT NOT NULL,
    GENERE VARCHAR(20) NOT NULL,
    CHECK (ISBN REGEXP '^[0-9]{13}$'),
    CHECK (LOWER(GENERE) IN ('storia', 'letteratura', 'geografia', 'fantasy', 'scienze', 'giallo', 'romanzo', 'matematica', 'horror'))
);

INSERT INTO LIBRO (ISBN, TITOLO, ANNO_PUBBLICAZIONE, GENERE) VALUES ('1234567890123', 'BREVE STORIA DEL TEMPO', 2004, 'SCIENZE');
INSERT INTO LIBRO (ISBN, TITOLO, ANNO_PUBBLICAZIONE, GENERE) VALUES ('1234567890134', 'CALCOLO', 2011, 'MATEMATICA');
INSERT INTO LIBRO (ISBN, TITOLO, ANNO_PUBBLICAZIONE, GENERE) VALUES ('1234567890147', 'TUFFO NEL PASSATO', 2017, 'STORIA');
INSERT INTO LIBRO (ISBN, TITOLO, ANNO_PUBBLICAZIONE, GENERE) VALUES ('1234567890179', 'STORIA ITALIANA', 2017, 'STORIA');
INSERT INTO LIBRO (ISBN, TITOLO, ANNO_PUBBLICAZIONE, GENERE) VALUES ('1234567890159', 'GEOGRAFANDO', 2014, 'GEOGRAFIA');
INSERT INTO LIBRO (ISBN, TITOLO, ANNO_PUBBLICAZIONE, GENERE) VALUES ('1234567890160', 'IL GIOVANE HOLDEN', 2010, 'LETTERATURA');
INSERT INTO LIBRO (ISBN, TITOLO, ANNO_PUBBLICAZIONE, GENERE) VALUES ('1234567890161', 'IT', 2009, 'HORROR');
INSERT INTO LIBRO (ISBN, TITOLO, ANNO_PUBBLICAZIONE, GENERE) VALUES ('1234567890162', 'IL SIGNORE DEGLI ANELLI', 2015, 'FANTASY');
INSERT INTO LIBRO (ISBN, TITOLO, ANNO_PUBBLICAZIONE, GENERE) VALUES ('1234567890163', 'SHERLOCK HOLMES', 2002, 'GIALLO');
INSERT INTO LIBRO (ISBN, TITOLO, ANNO_PUBBLICAZIONE, GENERE) VALUES ('1234567890164', 'IL GRANDE GATSBY', 2015, 'ROMANZO');
INSERT INTO LIBRO (ISBN, TITOLO, ANNO_PUBBLICAZIONE, GENERE) VALUES ('1234567890165', 'I PROMESSI SPOSI', 2012, 'LETTERATURA');
INSERT INTO LIBRO (ISBN, TITOLO, ANNO_PUBBLICAZIONE, GENERE) VALUES ('1234567890166', 'IL CODICE NASCOSTO DEL DNA', 2014, 'SCIENZE');
INSERT INTO LIBRO (ISBN, TITOLO, ANNO_PUBBLICAZIONE, GENERE) VALUES ('1234567890167', 'IL SILENZIO DEGLI INNOCENTI', 2007, 'GIALLO');
INSERT INTO LIBRO (ISBN, TITOLO, ANNO_PUBBLICAZIONE, GENERE) VALUES ('1234567890168', 'LE CRONACHE DI NARNIA', 2008, 'FANTASY');
INSERT INTO LIBRO (ISBN, TITOLO, ANNO_PUBBLICAZIONE, GENERE) VALUES ('1234567890169', 'LA COSCIENZA DI ZENO', 2012, 'ROMANZO');

CREATE TABLE CASA_EDITRICE (
    PARTITA_IVA CHAR(11) PRIMARY KEY,
    NOME_CASA_EDITRICE VARCHAR(30) UNIQUE NOT NULL,
    ID_FORNITORE INT UNIQUE NOT NULL,
    FOREIGN KEY (ID_FORNITORE) REFERENCES FORNITORE(ID_FORNITORE),
    CHECK (PARTITA_IVA REGEXP '^[0-9]{11}$')
);

INSERT INTO CASA_EDITRICE (PARTITA_IVA, NOME_CASA_EDITRICE, ID_FORNITORE) VALUES ('12345678901', 'MONDADORI', 1);
INSERT INTO CASA_EDITRICE (PARTITA_IVA, NOME_CASA_EDITRICE, ID_FORNITORE) VALUES ('12345678902', 'FELTRINELLI', 2);
INSERT INTO CASA_EDITRICE (PARTITA_IVA, NOME_CASA_EDITRICE, ID_FORNITORE) VALUES ('12345678903', 'DISNEY', 3);
INSERT INTO CASA_EDITRICE (PARTITA_IVA, NOME_CASA_EDITRICE, ID_FORNITORE) VALUES ('12345678904', 'NERBINI', 4);
INSERT INTO CASA_EDITRICE (PARTITA_IVA, NOME_CASA_EDITRICE, ID_FORNITORE) VALUES ('12345678905', 'DE AGOSTINI', 5);
INSERT INTO CASA_EDITRICE (PARTITA_IVA, NOME_CASA_EDITRICE, ID_FORNITORE) VALUES ('12345678906', 'FANUCCI', 6);
INSERT INTO CASA_EDITRICE (PARTITA_IVA, NOME_CASA_EDITRICE, ID_FORNITORE) VALUES ('12345678907', 'IL MULINO', 7);
INSERT INTO CASA_EDITRICE (PARTITA_IVA, NOME_CASA_EDITRICE, ID_FORNITORE) VALUES ('12345678908', 'HOEPLI', 8);
INSERT INTO CASA_EDITRICE (PARTITA_IVA, NOME_CASA_EDITRICE, ID_FORNITORE) VALUES ('12345678909', 'MINIMUM FAX', 9);
INSERT INTO CASA_EDITRICE (PARTITA_IVA, NOME_CASA_EDITRICE, ID_FORNITORE) VALUES ('12345678910', 'IPERBOREA', 10);
INSERT INTO CASA_EDITRICE (PARTITA_IVA, NOME_CASA_EDITRICE, ID_FORNITORE) VALUES ('12345678911', 'DONZELLI', 11);
INSERT INTO CASA_EDITRICE (PARTITA_IVA, NOME_CASA_EDITRICE, ID_FORNITORE) VALUES ('12345678912', 'NOTTETEMPO', 12);
INSERT INTO CASA_EDITRICE (PARTITA_IVA, NOME_CASA_EDITRICE, ID_FORNITORE) VALUES ('12345678913', 'QUODLIBET', 13);
INSERT INTO CASA_EDITRICE (PARTITA_IVA, NOME_CASA_EDITRICE, ID_FORNITORE) VALUES ('12345678914', 'NERI POZZA', 14);
INSERT INTO CASA_EDITRICE (PARTITA_IVA, NOME_CASA_EDITRICE, ID_FORNITORE) VALUES ('12345678915', 'SELLERIO', 15);

CREATE TABLE DONATORE (
    CODICE_FISCALE_DONATORE CHAR(16) PRIMARY KEY,
    NOME_DONATORE VARCHAR(20) NOT NULL,
    COGNOME_DONATORE VARCHAR(20),
    ID_FORNITORE INT UNIQUE NOT NULL,
    FOREIGN KEY (ID_FORNITORE) REFERENCES FORNITORE(ID_FORNITORE),
    CHECK (CODICE_FISCALE_DONATORE REGEXP '^[A-Z]{6}[0-9]{2}[A-Z][0-9]{2}[A-Z][0-9]{3}[A-Z]$'),
    CHECK (NOME_DONATORE REGEXP '^[A-Za-z]+$'),
    CHECK (COGNOME_DONATORE REGEXP '^[A-Za-z ]+$')
);

INSERT INTO DONATORE (CODICE_FISCALE_DONATORE, NOME_DONATORE, COGNOME_DONATORE, ID_FORNITORE) VALUES ('EGGMRT22T33F839U', 'EGGIDIO', 'MURATORI', 16);
INSERT INTO DONATORE (CODICE_FISCALE_DONATORE, NOME_DONATORE, COGNOME_DONATORE, ID_FORNITORE) VALUES ('FRCCLN47J21L847F', 'FRANCO', 'CALONE', 17);
INSERT INTO DONATORE (CODICE_FISCALE_DONATORE, NOME_DONATORE, COGNOME_DONATORE, ID_FORNITORE) VALUES ('NTNSPS07N44Q039L', 'ANTONIO', 'ESPOSITO', 18);
INSERT INTO DONATORE (CODICE_FISCALE_DONATORE, NOME_DONATORE, COGNOME_DONATORE, ID_FORNITORE) VALUES ('GLAPLI12J55A817O', 'GIULIA', 'PAOLI', 19);
INSERT INTO DONATORE (CODICE_FISCALE_DONATORE, NOME_DONATORE, COGNOME_DONATORE, ID_FORNITORE) VALUES ('ASNTCC01N14Y031I', 'ASIA', 'ANTONUCCI', 20);
INSERT INTO DONATORE (CODICE_FISCALE_DONATORE, NOME_DONATORE, COGNOME_DONATORE, ID_FORNITORE) VALUES ('GRTRCC89E54F839N', 'GRETA', 'RICCI', 21);
INSERT INTO DONATORE (CODICE_FISCALE_DONATORE, NOME_DONATORE, COGNOME_DONATORE, ID_FORNITORE) VALUES ('GSPRND01R14F839O', 'GIUSEPPE', 'ARMANDI', 22);
INSERT INTO DONATORE (CODICE_FISCALE_DONATORE, NOME_DONATORE, COGNOME_DONATORE, ID_FORNITORE) VALUES ('CLDBSI84D03F839Z', 'CLAUDIO', 'BISIO', 23);
INSERT INTO DONATORE (CODICE_FISCALE_DONATORE, NOME_DONATORE, COGNOME_DONATORE, ID_FORNITORE) VALUES ('RCCBCH08S29F839Q', 'ROCCO', 'BIANCHI', 24);
INSERT INTO DONATORE (CODICE_FISCALE_DONATORE, NOME_DONATORE, COGNOME_DONATORE, ID_FORNITORE) VALUES ('LGURSO94L15F839E', 'LUIGI', 'ROSA', 25);
INSERT INTO DONATORE (CODICE_FISCALE_DONATORE, NOME_DONATORE, COGNOME_DONATORE, ID_FORNITORE) VALUES ('RTIVRD89C52F839N', 'RITA', 'VERDI', 26);
INSERT INTO DONATORE (CODICE_FISCALE_DONATORE, NOME_DONATORE, COGNOME_DONATORE, ID_FORNITORE) VALUES ('GNNSST95E16F839O', 'GENNARO', 'ESPOSITO', 27);
INSERT INTO DONATORE (CODICE_FISCALE_DONATORE, NOME_DONATORE, COGNOME_DONATORE, ID_FORNITORE) VALUES ('LNRNTT88E19F839V', 'LEONARDO', 'ANDETTI', 28);
INSERT INTO DONATORE (CODICE_FISCALE_DONATORE, NOME_DONATORE, COGNOME_DONATORE, ID_FORNITORE) VALUES ('GTNPRC78L16F839Q', 'GAETANO', 'PORRICELLI', 29);
INSERT INTO DONATORE (CODICE_FISCALE_DONATORE, NOME_DONATORE, COGNOME_DONATORE, ID_FORNITORE) VALUES ('SFORMN02D50F839K', 'SOFIA', 'ROMANO', 30);

CREATE TABLE TURNO (
    NUMERO_MATRICOLA CHAR(8),
    DATA_E_ORA_TURNO DATETIME,
    DURATA_TURNO TINYINT NOT NULL,
    PRIMARY KEY (NUMERO_MATRICOLA, DATA_E_ORA_TURNO),
    FOREIGN KEY (NUMERO_MATRICOLA) REFERENCES BIBLIOTECARIO(NUMERO_MATRICOLA),
    CHECK (DURATA_TURNO BETWEEN 4 AND 8)
);

INSERT INTO TURNO (NUMERO_MATRICOLA, DATA_E_ORA_TURNO, DURATA_TURNO) VALUES ('00011234', '2021-12-12 08:00:00', 8);
INSERT INTO TURNO (NUMERO_MATRICOLA, DATA_E_ORA_TURNO, DURATA_TURNO) VALUES ('00011235', '2022-03-28 14:00:00', 6);
INSERT INTO TURNO (NUMERO_MATRICOLA, DATA_E_ORA_TURNO, DURATA_TURNO) VALUES ('00011236', '2023-04-14 10:00:00', 6);
INSERT INTO TURNO (NUMERO_MATRICOLA, DATA_E_ORA_TURNO, DURATA_TURNO) VALUES ('00011237', '2020-10-07 11:00:00', 4);
INSERT INTO TURNO (NUMERO_MATRICOLA, DATA_E_ORA_TURNO, DURATA_TURNO) VALUES ('00011238', '2022-04-21 12:00:00', 5);
INSERT INTO TURNO (NUMERO_MATRICOLA, DATA_E_ORA_TURNO, DURATA_TURNO) VALUES ('00011239', '2019-11-07 15:00:00', 4);
INSERT INTO TURNO (NUMERO_MATRICOLA, DATA_E_ORA_TURNO, DURATA_TURNO) VALUES ('00011240', '2022-05-15 15:00:00', 7);
INSERT INTO TURNO (NUMERO_MATRICOLA, DATA_E_ORA_TURNO, DURATA_TURNO) VALUES ('00011241', '2023-12-14 12:00:00', 5);
INSERT INTO TURNO (NUMERO_MATRICOLA, DATA_E_ORA_TURNO, DURATA_TURNO) VALUES ('00011242', '2021-10-01 10:00:00', 6);
INSERT INTO TURNO (NUMERO_MATRICOLA, DATA_E_ORA_TURNO, DURATA_TURNO) VALUES ('00011243', '2021-03-30 12:00:00', 8);
INSERT INTO TURNO (NUMERO_MATRICOLA, DATA_E_ORA_TURNO, DURATA_TURNO) VALUES ('00011244', '2022-08-24 11:00:00', 6);
INSERT INTO TURNO (NUMERO_MATRICOLA, DATA_E_ORA_TURNO, DURATA_TURNO) VALUES ('00011245', '2019-01-18 13:00:00', 7);
INSERT INTO TURNO (NUMERO_MATRICOLA, DATA_E_ORA_TURNO, DURATA_TURNO) VALUES ('00011246', '2021-07-29 14:00:00', 4);
INSERT INTO TURNO (NUMERO_MATRICOLA, DATA_E_ORA_TURNO, DURATA_TURNO) VALUES ('00011247', '2022-09-07 15:00:00', 4);
INSERT INTO TURNO (NUMERO_MATRICOLA, DATA_E_ORA_TURNO, DURATA_TURNO) VALUES ('00011248', '2020-03-11 10:00:00', 5);

CREATE TABLE REGISTRAZIONE (
    NUMERO_TESSERA CHAR(8) PRIMARY KEY,
    DATA_REGISTRAZIONE DATE NOT NULL,
    DATA_SCADENZA_TESSERA DATE NOT NULL,
    CODICE_FISCALE_CLIENTE CHAR(16) UNIQUE NOT NULL,
    FOREIGN KEY (CODICE_FISCALE_CLIENTE) REFERENCES CLIENTE(CODICE_FISCALE_CLIENTE),
    CHECK (NUMERO_TESSERA REGEXP '^[0-9]{8}$'),
    CHECK (DATA_SCADENZA_TESSERA > DATA_REGISTRAZIONE)
);

INSERT INTO REGISTRAZIONE (NUMERO_TESSERA, DATA_REGISTRAZIONE, DATA_SCADENZA_TESSERA, CODICE_FISCALE_CLIENTE) VALUES ('12345678', '2023-12-15', '2024-12-15', 'RMOGTN03A22F839U');
INSERT INTO REGISTRAZIONE (NUMERO_TESSERA, DATA_REGISTRAZIONE, DATA_SCADENZA_TESSERA, CODICE_FISCALE_CLIENTE) VALUES ('12345679', '2023-02-01', '2024-02-01', 'PCRGNN02D09H892T');
INSERT INTO REGISTRAZIONE (NUMERO_TESSERA, DATA_REGISTRAZIONE, DATA_SCADENZA_TESSERA, CODICE_FISCALE_CLIENTE) VALUES ('12345670', '2023-04-19', '2024-04-19', 'RCPLNZ01C11F839V');
INSERT INTO REGISTRAZIONE (NUMERO_TESSERA, DATA_REGISTRAZIONE, DATA_SCADENZA_TESSERA, CODICE_FISCALE_CLIENTE) VALUES ('12345680', '2023-01-15', '2024-01-15', 'RSSPSQ80H16F839S');
INSERT INTO REGISTRAZIONE (NUMERO_TESSERA, DATA_REGISTRAZIONE, DATA_SCADENZA_TESSERA, CODICE_FISCALE_CLIENTE) VALUES ('12345681', '2022-05-01', '2023-05-01', 'BCHNTN04R09F839Y');
INSERT INTO REGISTRAZIONE (NUMERO_TESSERA, DATA_REGISTRAZIONE, DATA_SCADENZA_TESSERA, CODICE_FISCALE_CLIENTE) VALUES ('12345682', '2020-11-22', '2021-11-22', 'VRDGSP96S28F839U');
INSERT INTO REGISTRAZIONE (NUMERO_TESSERA, DATA_REGISTRAZIONE, DATA_SCADENZA_TESSERA, CODICE_FISCALE_CLIENTE) VALUES ('12345683', '2021-10-28', '2022-10-28', 'NRNMRA97B18F839K');
INSERT INTO REGISTRAZIONE (NUMERO_TESSERA, DATA_REGISTRAZIONE, DATA_SCADENZA_TESSERA, CODICE_FISCALE_CLIENTE) VALUES ('12345684', '2023-04-11', '2024-04-11', 'LSUGLI00M53F839L');
INSERT INTO REGISTRAZIONE (NUMERO_TESSERA, DATA_REGISTRAZIONE, DATA_SCADENZA_TESSERA, CODICE_FISCALE_CLIENTE) VALUES ('12345685', '2023-05-25', '2024-05-25', 'SRNMRT01P41F839P');
INSERT INTO REGISTRAZIONE (NUMERO_TESSERA, DATA_REGISTRAZIONE, DATA_SCADENZA_TESSERA, CODICE_FISCALE_CLIENTE) VALUES ('12345686', '2022-07-15', '2023-07-15', 'SPELCU02E22F839K');
INSERT INTO REGISTRAZIONE (NUMERO_TESSERA, DATA_REGISTRAZIONE, DATA_SCADENZA_TESSERA, CODICE_FISCALE_CLIENTE) VALUES ('12345687', '2019-08-09', '2020-08-09', 'DGHMRA98C29F839K');
INSERT INTO REGISTRAZIONE (NUMERO_TESSERA, DATA_REGISTRAZIONE, DATA_SCADENZA_TESSERA, CODICE_FISCALE_CLIENTE) VALUES ('12345688', '2022-03-02', '2023-03-02', 'CCCRSR89T57F839Z');
INSERT INTO REGISTRAZIONE (NUMERO_TESSERA, DATA_REGISTRAZIONE, DATA_SCADENZA_TESSERA, CODICE_FISCALE_CLIENTE) VALUES ('12345689', '2021-01-30', '2022-01-30', 'RCRRMN03H21F839U');
INSERT INTO REGISTRAZIONE (NUMERO_TESSERA, DATA_REGISTRAZIONE, DATA_SCADENZA_TESSERA, CODICE_FISCALE_CLIENTE) VALUES ('12345690', '2022-05-19', '2023-05-19', 'LPPPLA90A42F839T');
INSERT INTO REGISTRAZIONE (NUMERO_TESSERA, DATA_REGISTRAZIONE, DATA_SCADENZA_TESSERA, CODICE_FISCALE_CLIENTE) VALUES ('12345691', '2019-12-25', '2020-12-25', 'MNTNNZ04P51F839M');
INSERT INTO REGISTRAZIONE (NUMERO_TESSERA, DATA_REGISTRAZIONE, DATA_SCADENZA_TESSERA, CODICE_FISCALE_CLIENTE) VALUES ('12345692', '2019-06-05', '2020-06-05', 'RNAFNC03A10F839A');
INSERT INTO REGISTRAZIONE (NUMERO_TESSERA, DATA_REGISTRAZIONE, DATA_SCADENZA_TESSERA, CODICE_FISCALE_CLIENTE) VALUES ('12345693', '2018-04-02', '2019-04-02', 'BRNSLV02B09F839X');
INSERT INTO REGISTRAZIONE (NUMERO_TESSERA, DATA_REGISTRAZIONE, DATA_SCADENZA_TESSERA, CODICE_FISCALE_CLIENTE) VALUES ('12345694', '2019-01-15', '2020-01-15', 'CSNRND01C08F839B');
INSERT INTO REGISTRAZIONE (NUMERO_TESSERA, DATA_REGISTRAZIONE, DATA_SCADENZA_TESSERA, CODICE_FISCALE_CLIENTE) VALUES ('12345695', '2018-03-13', '2019-03-13', 'DNGLNZ00D07F839I');
INSERT INTO REGISTRAZIONE (NUMERO_TESSERA, DATA_REGISTRAZIONE, DATA_SCADENZA_TESSERA, CODICE_FISCALE_CLIENTE) VALUES ('12345696', '2020-08-12', '2021-08-12', 'MPLNDR99E06F839U');
INSERT INTO REGISTRAZIONE (NUMERO_TESSERA, DATA_REGISTRAZIONE, DATA_SCADENZA_TESSERA, CODICE_FISCALE_CLIENTE) VALUES ('12345697', '2021-09-11', '2022-09-11', 'FRNGNR98H05F839S');
INSERT INTO REGISTRAZIONE (NUMERO_TESSERA, DATA_REGISTRAZIONE, DATA_SCADENZA_TESSERA, CODICE_FISCALE_CLIENTE) VALUES ('12345698', '2020-10-18', '2021-10-18', 'GRLNTN96M03F839U');
INSERT INTO REGISTRAZIONE (NUMERO_TESSERA, DATA_REGISTRAZIONE, DATA_SCADENZA_TESSERA, CODICE_FISCALE_CLIENTE) VALUES ('12345699', '2019-11-17', '2020-11-17', 'HBRRST96M03F839S');
INSERT INTO REGISTRAZIONE (NUMERO_TESSERA, DATA_REGISTRAZIONE, DATA_SCADENZA_TESSERA, CODICE_FISCALE_CLIENTE) VALUES ('12345706', '2019-02-11', '2020-02-11', 'RIOPLA95P42F839C');
INSERT INTO REGISTRAZIONE (NUMERO_TESSERA, DATA_REGISTRAZIONE, DATA_SCADENZA_TESSERA, CODICE_FISCALE_CLIENTE) VALUES ('12345700', '2018-12-22', '2019-12-22', 'LNTNNT94R41F839M');
INSERT INTO REGISTRAZIONE (NUMERO_TESSERA, DATA_REGISTRAZIONE, DATA_SCADENZA_TESSERA, CODICE_FISCALE_CLIENTE) VALUES ('12345701', '2017-02-23', '2018-02-23', 'MLNBBR92S70F839C');
INSERT INTO REGISTRAZIONE (NUMERO_TESSERA, DATA_REGISTRAZIONE, DATA_SCADENZA_TESSERA, CODICE_FISCALE_CLIENTE) VALUES ('12345702', '2016-07-26', '2017-07-26', 'NRNCCT92P69F839C');
INSERT INTO REGISTRAZIONE (NUMERO_TESSERA, DATA_REGISTRAZIONE, DATA_SCADENZA_TESSERA, CODICE_FISCALE_CLIENTE) VALUES ('12345703', '2021-07-28', '2022-07-28', 'STNFNC91T68F839F');
INSERT INTO REGISTRAZIONE (NUMERO_TESSERA, DATA_REGISTRAZIONE, DATA_SCADENZA_TESSERA, CODICE_FISCALE_CLIENTE) VALUES ('12345704', '2022-03-20', '2023-03-20', 'PRMCML90P67F839I');

CREATE TABLE MULTA (
    IUV CHAR(20),
    NUMERO_TESSERA CHAR(8),
    DATA_PAGAMENTO DATE,
    PRIMARY KEY (IUV, NUMERO_TESSERA),
    FOREIGN KEY (NUMERO_TESSERA) REFERENCES REGISTRAZIONE(NUMERO_TESSERA)
);

CREATE TABLE MENSOLA (
    LETTERA_MENSOLA CHAR(1),
    NUMERO_PIANO TINYINT,
    CATEGORIA_SCAFFALE VARCHAR(20),
    CAPIENZA INT NOT NULL,
    PRIMARY KEY (LETTERA_MENSOLA, NUMERO_PIANO, CATEGORIA_SCAFFALE),
    FOREIGN KEY (NUMERO_PIANO, CATEGORIA_SCAFFALE) REFERENCES SCAFFALE(NUMERO_PIANO, CATEGORIA_SCAFFALE),
    CHECK (LOWER(LETTERA_MENSOLA) BETWEEN 'a' AND 'z'),
    CHECK (CAPIENZA > 0)
);

INSERT INTO MENSOLA (LETTERA_MENSOLA, NUMERO_PIANO, CATEGORIA_SCAFFALE, CAPIENZA) VALUES ('A', 1, 'STORIA', 29);
INSERT INTO MENSOLA (LETTERA_MENSOLA, NUMERO_PIANO, CATEGORIA_SCAFFALE, CAPIENZA) VALUES ('B', 1, 'STORIA', 37);
INSERT INTO MENSOLA (LETTERA_MENSOLA, NUMERO_PIANO, CATEGORIA_SCAFFALE, CAPIENZA) VALUES ('C', 1, 'STORIA', 29);
INSERT INTO MENSOLA (LETTERA_MENSOLA, NUMERO_PIANO, CATEGORIA_SCAFFALE, CAPIENZA) VALUES ('D', 1, 'STORIA', 35);
INSERT INTO MENSOLA (LETTERA_MENSOLA, NUMERO_PIANO, CATEGORIA_SCAFFALE, CAPIENZA) VALUES ('E', 1, 'STORIA', 37);
INSERT INTO MENSOLA (LETTERA_MENSOLA, NUMERO_PIANO, CATEGORIA_SCAFFALE, CAPIENZA) VALUES ('F', 1, 'STORIA', 29);
INSERT INTO MENSOLA (LETTERA_MENSOLA, NUMERO_PIANO, CATEGORIA_SCAFFALE, CAPIENZA) VALUES ('G', 1, 'STORIA', 35);
INSERT INTO MENSOLA (LETTERA_MENSOLA, NUMERO_PIANO, CATEGORIA_SCAFFALE, CAPIENZA) VALUES ('H', 1, 'STORIA', 37);
INSERT INTO MENSOLA (LETTERA_MENSOLA, NUMERO_PIANO, CATEGORIA_SCAFFALE, CAPIENZA) VALUES ('I', 2, 'STORIA', 35);
INSERT INTO MENSOLA (LETTERA_MENSOLA, NUMERO_PIANO, CATEGORIA_SCAFFALE, CAPIENZA) VALUES ('J', 2, 'STORIA', 37);
INSERT INTO MENSOLA (LETTERA_MENSOLA, NUMERO_PIANO, CATEGORIA_SCAFFALE, CAPIENZA) VALUES ('K', 2, 'STORIA', 29);
INSERT INTO MENSOLA (LETTERA_MENSOLA, NUMERO_PIANO, CATEGORIA_SCAFFALE, CAPIENZA) VALUES ('L', 2, 'STORIA', 35);
INSERT INTO MENSOLA (LETTERA_MENSOLA, NUMERO_PIANO, CATEGORIA_SCAFFALE, CAPIENZA) VALUES ('M', 2, 'STORIA', 37);
INSERT INTO MENSOLA (LETTERA_MENSOLA, NUMERO_PIANO, CATEGORIA_SCAFFALE, CAPIENZA) VALUES ('N', 2, 'STORIA', 29);
INSERT INTO MENSOLA (LETTERA_MENSOLA, NUMERO_PIANO, CATEGORIA_SCAFFALE, CAPIENZA) VALUES ('O', 2, 'STORIA', 35);
INSERT INTO MENSOLA (LETTERA_MENSOLA, NUMERO_PIANO, CATEGORIA_SCAFFALE, CAPIENZA) VALUES ('P', 2, 'STORIA', 37);
INSERT INTO MENSOLA (LETTERA_MENSOLA, NUMERO_PIANO, CATEGORIA_SCAFFALE, CAPIENZA) VALUES ('Q', 2, 'STORIA', 37);
INSERT INTO MENSOLA (LETTERA_MENSOLA, NUMERO_PIANO, CATEGORIA_SCAFFALE, CAPIENZA) VALUES ('R', 3, 'STORIA', 35);
INSERT INTO MENSOLA (LETTERA_MENSOLA, NUMERO_PIANO, CATEGORIA_SCAFFALE, CAPIENZA) VALUES ('S', 3, 'STORIA', 37);
INSERT INTO MENSOLA (LETTERA_MENSOLA, NUMERO_PIANO, CATEGORIA_SCAFFALE, CAPIENZA) VALUES ('T', 3, 'STORIA', 33);
INSERT INTO MENSOLA (LETTERA_MENSOLA, NUMERO_PIANO, CATEGORIA_SCAFFALE, CAPIENZA) VALUES ('U', 3, 'STORIA', 35);
INSERT INTO MENSOLA (LETTERA_MENSOLA, NUMERO_PIANO, CATEGORIA_SCAFFALE, CAPIENZA) VALUES ('V', 3, 'STORIA', 37);
INSERT INTO MENSOLA (LETTERA_MENSOLA, NUMERO_PIANO, CATEGORIA_SCAFFALE, CAPIENZA) VALUES ('W', 3, 'STORIA', 29);
INSERT INTO MENSOLA (LETTERA_MENSOLA, NUMERO_PIANO, CATEGORIA_SCAFFALE, CAPIENZA) VALUES ('X', 3, 'STORIA', 35);
INSERT INTO MENSOLA (LETTERA_MENSOLA, NUMERO_PIANO, CATEGORIA_SCAFFALE, CAPIENZA) VALUES ('Y', 3, 'STORIA', 37);
INSERT INTO MENSOLA (LETTERA_MENSOLA, NUMERO_PIANO, CATEGORIA_SCAFFALE, CAPIENZA) VALUES ('Z', 3, 'STORIA', 37);

/*Mensole scaffale libri di letteratura*/
INSERT INTO MENSOLA (LETTERA_MENSOLA, NUMERO_PIANO, CATEGORIA_SCAFFALE, CAPIENZA) VALUES ('A', 1, 'LETTERATURA', 35);
INSERT INTO MENSOLA (LETTERA_MENSOLA, NUMERO_PIANO, CATEGORIA_SCAFFALE, CAPIENZA) VALUES ('B', 1, 'LETTERATURA', 37);
INSERT INTO MENSOLA (LETTERA_MENSOLA, NUMERO_PIANO, CATEGORIA_SCAFFALE, CAPIENZA) VALUES ('C', 1, 'LETTERATURA', 29);
INSERT INTO MENSOLA (LETTERA_MENSOLA, NUMERO_PIANO, CATEGORIA_SCAFFALE, CAPIENZA) VALUES ('D', 1, 'LETTERATURA', 35);
INSERT INTO MENSOLA (LETTERA_MENSOLA, NUMERO_PIANO, CATEGORIA_SCAFFALE, CAPIENZA) VALUES ('E', 1, 'LETTERATURA', 37);
INSERT INTO MENSOLA (LETTERA_MENSOLA, NUMERO_PIANO, CATEGORIA_SCAFFALE, CAPIENZA) VALUES ('F', 1, 'LETTERATURA', 29);
INSERT INTO MENSOLA (LETTERA_MENSOLA, NUMERO_PIANO, CATEGORIA_SCAFFALE, CAPIENZA) VALUES ('G', 1, 'LETTERATURA', 35);
INSERT INTO MENSOLA (LETTERA_MENSOLA, NUMERO_PIANO, CATEGORIA_SCAFFALE, CAPIENZA) VALUES ('H', 1, 'LETTERATURA', 37);
INSERT INTO MENSOLA (LETTERA_MENSOLA, NUMERO_PIANO, CATEGORIA_SCAFFALE, CAPIENZA) VALUES ('I', 2, 'LETTERATURA', 35);
INSERT INTO MENSOLA (LETTERA_MENSOLA, NUMERO_PIANO, CATEGORIA_SCAFFALE, CAPIENZA) VALUES ('J', 2, 'LETTERATURA', 37);
INSERT INTO MENSOLA (LETTERA_MENSOLA, NUMERO_PIANO, CATEGORIA_SCAFFALE, CAPIENZA) VALUES ('K', 2, 'LETTERATURA', 29);
INSERT INTO MENSOLA (LETTERA_MENSOLA, NUMERO_PIANO, CATEGORIA_SCAFFALE, CAPIENZA) VALUES ('L', 2, 'LETTERATURA', 35);
INSERT INTO MENSOLA (LETTERA_MENSOLA, NUMERO_PIANO, CATEGORIA_SCAFFALE, CAPIENZA) VALUES ('M', 2, 'LETTERATURA', 37);
INSERT INTO MENSOLA (LETTERA_MENSOLA, NUMERO_PIANO, CATEGORIA_SCAFFALE, CAPIENZA) VALUES ('N', 2, 'LETTERATURA', 29);
INSERT INTO MENSOLA (LETTERA_MENSOLA, NUMERO_PIANO, CATEGORIA_SCAFFALE, CAPIENZA) VALUES ('O', 2, 'LETTERATURA', 35);
INSERT INTO MENSOLA (LETTERA_MENSOLA, NUMERO_PIANO, CATEGORIA_SCAFFALE, CAPIENZA) VALUES ('P', 2, 'LETTERATURA', 37);
INSERT INTO MENSOLA (LETTERA_MENSOLA, NUMERO_PIANO, CATEGORIA_SCAFFALE, CAPIENZA) VALUES ('Q', 2, 'LETTERATURA', 37);
INSERT INTO MENSOLA (LETTERA_MENSOLA, NUMERO_PIANO, CATEGORIA_SCAFFALE, CAPIENZA) VALUES ('R', 3, 'LETTERATURA', 35);
INSERT INTO MENSOLA (LETTERA_MENSOLA, NUMERO_PIANO, CATEGORIA_SCAFFALE, CAPIENZA) VALUES ('S', 3, 'LETTERATURA', 37);
INSERT INTO MENSOLA (LETTERA_MENSOLA, NUMERO_PIANO, CATEGORIA_SCAFFALE, CAPIENZA) VALUES ('T', 3, 'LETTERATURA', 29);
INSERT INTO MENSOLA (LETTERA_MENSOLA, NUMERO_PIANO, CATEGORIA_SCAFFALE, CAPIENZA) VALUES ('U', 3, 'LETTERATURA', 35);
INSERT INTO MENSOLA (LETTERA_MENSOLA, NUMERO_PIANO, CATEGORIA_SCAFFALE, CAPIENZA) VALUES ('V', 3, 'LETTERATURA', 37);
INSERT INTO MENSOLA (LETTERA_MENSOLA, NUMERO_PIANO, CATEGORIA_SCAFFALE, CAPIENZA) VALUES ('W', 3, 'LETTERATURA', 29);
INSERT INTO MENSOLA (LETTERA_MENSOLA, NUMERO_PIANO, CATEGORIA_SCAFFALE, CAPIENZA) VALUES ('X', 3, 'LETTERATURA', 35);
INSERT INTO MENSOLA (LETTERA_MENSOLA, NUMERO_PIANO, CATEGORIA_SCAFFALE, CAPIENZA) VALUES ('Y', 3, 'LETTERATURA', 37);
INSERT INTO MENSOLA (LETTERA_MENSOLA, NUMERO_PIANO, CATEGORIA_SCAFFALE, CAPIENZA) VALUES ('Z', 3, 'LETTERATURA', 37);

/*Mensole scaffali libri di geografia*/
INSERT INTO MENSOLA (LETTERA_MENSOLA, NUMERO_PIANO, CATEGORIA_SCAFFALE, CAPIENZA) VALUES ('A', 1, 'GEOGRAFIA', 35);
INSERT INTO MENSOLA (LETTERA_MENSOLA, NUMERO_PIANO, CATEGORIA_SCAFFALE, CAPIENZA) VALUES ('B', 1, 'GEOGRAFIA', 37);
INSERT INTO MENSOLA (LETTERA_MENSOLA, NUMERO_PIANO, CATEGORIA_SCAFFALE, CAPIENZA) VALUES ('C', 1, 'GEOGRAFIA', 29);
INSERT INTO MENSOLA (LETTERA_MENSOLA, NUMERO_PIANO, CATEGORIA_SCAFFALE, CAPIENZA) VALUES ('D', 1, 'GEOGRAFIA', 35);
INSERT INTO MENSOLA (LETTERA_MENSOLA, NUMERO_PIANO, CATEGORIA_SCAFFALE, CAPIENZA) VALUES ('E', 1, 'GEOGRAFIA', 37);
INSERT INTO MENSOLA (LETTERA_MENSOLA, NUMERO_PIANO, CATEGORIA_SCAFFALE, CAPIENZA) VALUES ('F', 1, 'GEOGRAFIA', 29);
INSERT INTO MENSOLA (LETTERA_MENSOLA, NUMERO_PIANO, CATEGORIA_SCAFFALE, CAPIENZA) VALUES ('G', 1, 'GEOGRAFIA', 35);
INSERT INTO MENSOLA (LETTERA_MENSOLA, NUMERO_PIANO, CATEGORIA_SCAFFALE, CAPIENZA) VALUES ('H', 1, 'GEOGRAFIA', 37);
INSERT INTO MENSOLA (LETTERA_MENSOLA, NUMERO_PIANO, CATEGORIA_SCAFFALE, CAPIENZA) VALUES ('I', 2, 'GEOGRAFIA', 35);
INSERT INTO MENSOLA (LETTERA_MENSOLA, NUMERO_PIANO, CATEGORIA_SCAFFALE, CAPIENZA) VALUES ('J', 2, 'GEOGRAFIA', 37);
INSERT INTO MENSOLA (LETTERA_MENSOLA, NUMERO_PIANO, CATEGORIA_SCAFFALE, CAPIENZA) VALUES ('K', 2, 'GEOGRAFIA', 29);
INSERT INTO MENSOLA (LETTERA_MENSOLA, NUMERO_PIANO, CATEGORIA_SCAFFALE, CAPIENZA) VALUES ('L', 2, 'GEOGRAFIA', 35);
INSERT INTO MENSOLA (LETTERA_MENSOLA, NUMERO_PIANO, CATEGORIA_SCAFFALE, CAPIENZA) VALUES ('M', 2, 'GEOGRAFIA', 37);
INSERT INTO MENSOLA (LETTERA_MENSOLA, NUMERO_PIANO, CATEGORIA_SCAFFALE, CAPIENZA) VALUES ('N', 2, 'GEOGRAFIA', 29);
INSERT INTO MENSOLA (LETTERA_MENSOLA, NUMERO_PIANO, CATEGORIA_SCAFFALE, CAPIENZA) VALUES ('O', 2, 'GEOGRAFIA', 35);
INSERT INTO MENSOLA (LETTERA_MENSOLA, NUMERO_PIANO, CATEGORIA_SCAFFALE, CAPIENZA) VALUES ('P', 2, 'GEOGRAFIA', 37);
INSERT INTO MENSOLA (LETTERA_MENSOLA, NUMERO_PIANO, CATEGORIA_SCAFFALE, CAPIENZA) VALUES ('Q', 2, 'GEOGRAFIA', 37);
INSERT INTO MENSOLA (LETTERA_MENSOLA, NUMERO_PIANO, CATEGORIA_SCAFFALE, CAPIENZA) VALUES ('R', 3, 'GEOGRAFIA', 35);
INSERT INTO MENSOLA (LETTERA_MENSOLA, NUMERO_PIANO, CATEGORIA_SCAFFALE, CAPIENZA) VALUES ('S', 3, 'GEOGRAFIA', 37);
INSERT INTO MENSOLA (LETTERA_MENSOLA, NUMERO_PIANO, CATEGORIA_SCAFFALE, CAPIENZA) VALUES ('T', 3, 'GEOGRAFIA', 29);
INSERT INTO MENSOLA (LETTERA_MENSOLA, NUMERO_PIANO, CATEGORIA_SCAFFALE, CAPIENZA) VALUES ('U', 3, 'GEOGRAFIA', 35);
INSERT INTO MENSOLA (LETTERA_MENSOLA, NUMERO_PIANO, CATEGORIA_SCAFFALE, CAPIENZA) VALUES ('V', 3, 'GEOGRAFIA', 37);
INSERT INTO MENSOLA (LETTERA_MENSOLA, NUMERO_PIANO, CATEGORIA_SCAFFALE, CAPIENZA) VALUES ('W', 3, 'GEOGRAFIA', 29);
INSERT INTO MENSOLA (LETTERA_MENSOLA, NUMERO_PIANO, CATEGORIA_SCAFFALE, CAPIENZA) VALUES ('X', 3, 'GEOGRAFIA', 35);
INSERT INTO MENSOLA (LETTERA_MENSOLA, NUMERO_PIANO, CATEGORIA_SCAFFALE, CAPIENZA) VALUES ('Y', 3, 'GEOGRAFIA', 37);
INSERT INTO MENSOLA (LETTERA_MENSOLA, NUMERO_PIANO, CATEGORIA_SCAFFALE, CAPIENZA) VALUES ('Z', 3, 'GEOGRAFIA', 37);

/*Mensole scaffale libri di scienze*/
INSERT INTO MENSOLA (LETTERA_MENSOLA, NUMERO_PIANO, CATEGORIA_SCAFFALE, CAPIENZA) VALUES ('A', 1, 'SCIENZE', 35);
INSERT INTO MENSOLA (LETTERA_MENSOLA, NUMERO_PIANO, CATEGORIA_SCAFFALE, CAPIENZA) VALUES ('B', 1, 'SCIENZE', 37);
INSERT INTO MENSOLA (LETTERA_MENSOLA, NUMERO_PIANO, CATEGORIA_SCAFFALE, CAPIENZA) VALUES ('C', 1, 'SCIENZE', 29);
INSERT INTO MENSOLA (LETTERA_MENSOLA, NUMERO_PIANO, CATEGORIA_SCAFFALE, CAPIENZA) VALUES ('D', 1, 'SCIENZE', 35);
INSERT INTO MENSOLA (LETTERA_MENSOLA, NUMERO_PIANO, CATEGORIA_SCAFFALE, CAPIENZA) VALUES ('E', 1, 'SCIENZE', 37);
INSERT INTO MENSOLA (LETTERA_MENSOLA, NUMERO_PIANO, CATEGORIA_SCAFFALE, CAPIENZA) VALUES ('F', 1, 'SCIENZE', 29);
INSERT INTO MENSOLA (LETTERA_MENSOLA, NUMERO_PIANO, CATEGORIA_SCAFFALE, CAPIENZA) VALUES ('G', 1, 'SCIENZE', 35);
INSERT INTO MENSOLA (LETTERA_MENSOLA, NUMERO_PIANO, CATEGORIA_SCAFFALE, CAPIENZA) VALUES ('H', 1, 'SCIENZE', 37);
INSERT INTO MENSOLA (LETTERA_MENSOLA, NUMERO_PIANO, CATEGORIA_SCAFFALE, CAPIENZA) VALUES ('I', 2, 'SCIENZE', 35);
INSERT INTO MENSOLA (LETTERA_MENSOLA, NUMERO_PIANO, CATEGORIA_SCAFFALE, CAPIENZA) VALUES ('J', 2, 'SCIENZE', 37);
INSERT INTO MENSOLA (LETTERA_MENSOLA, NUMERO_PIANO, CATEGORIA_SCAFFALE, CAPIENZA) VALUES ('K', 2, 'SCIENZE', 29);
INSERT INTO MENSOLA (LETTERA_MENSOLA, NUMERO_PIANO, CATEGORIA_SCAFFALE, CAPIENZA) VALUES ('L', 2, 'SCIENZE', 35);
INSERT INTO MENSOLA (LETTERA_MENSOLA, NUMERO_PIANO, CATEGORIA_SCAFFALE, CAPIENZA) VALUES ('M', 2, 'SCIENZE', 37);
INSERT INTO MENSOLA (LETTERA_MENSOLA, NUMERO_PIANO, CATEGORIA_SCAFFALE, CAPIENZA) VALUES ('N', 2, 'SCIENZE', 29);
INSERT INTO MENSOLA (LETTERA_MENSOLA, NUMERO_PIANO, CATEGORIA_SCAFFALE, CAPIENZA) VALUES ('O', 2, 'SCIENZE', 35);
INSERT INTO MENSOLA (LETTERA_MENSOLA, NUMERO_PIANO, CATEGORIA_SCAFFALE, CAPIENZA) VALUES ('P', 2, 'SCIENZE', 37);
INSERT INTO MENSOLA (LETTERA_MENSOLA, NUMERO_PIANO, CATEGORIA_SCAFFALE, CAPIENZA) VALUES ('Q', 2, 'SCIENZE', 37);
INSERT INTO MENSOLA (LETTERA_MENSOLA, NUMERO_PIANO, CATEGORIA_SCAFFALE, CAPIENZA) VALUES ('R', 3, 'SCIENZE', 35);
INSERT INTO MENSOLA (LETTERA_MENSOLA, NUMERO_PIANO, CATEGORIA_SCAFFALE, CAPIENZA) VALUES ('S', 3, 'SCIENZE', 37);
INSERT INTO MENSOLA (LETTERA_MENSOLA, NUMERO_PIANO, CATEGORIA_SCAFFALE, CAPIENZA) VALUES ('T', 3, 'SCIENZE', 29);
INSERT INTO MENSOLA (LETTERA_MENSOLA, NUMERO_PIANO, CATEGORIA_SCAFFALE, CAPIENZA) VALUES ('U', 3, 'SCIENZE', 35);
INSERT INTO MENSOLA (LETTERA_MENSOLA, NUMERO_PIANO, CATEGORIA_SCAFFALE, CAPIENZA) VALUES ('V', 3, 'SCIENZE', 37);
INSERT INTO MENSOLA (LETTERA_MENSOLA, NUMERO_PIANO, CATEGORIA_SCAFFALE, CAPIENZA) VALUES ('W', 3, 'SCIENZE', 29);
INSERT INTO MENSOLA (LETTERA_MENSOLA, NUMERO_PIANO, CATEGORIA_SCAFFALE, CAPIENZA) VALUES ('X', 3, 'SCIENZE', 35);
INSERT INTO MENSOLA (LETTERA_MENSOLA, NUMERO_PIANO, CATEGORIA_SCAFFALE, CAPIENZA) VALUES ('Y', 3, 'SCIENZE', 37);
INSERT INTO MENSOLA (LETTERA_MENSOLA, NUMERO_PIANO, CATEGORIA_SCAFFALE, CAPIENZA) VALUES ('Z', 3, 'SCIENZE', 37);

/*Mensole scaffale libri di matematica*/
INSERT INTO MENSOLA (LETTERA_MENSOLA, NUMERO_PIANO, CATEGORIA_SCAFFALE, CAPIENZA) VALUES ('A', 1, 'MATEMATICA', 35);
INSERT INTO MENSOLA (LETTERA_MENSOLA, NUMERO_PIANO, CATEGORIA_SCAFFALE, CAPIENZA) VALUES ('B', 1, 'MATEMATICA', 37);
INSERT INTO MENSOLA (LETTERA_MENSOLA, NUMERO_PIANO, CATEGORIA_SCAFFALE, CAPIENZA) VALUES ('C', 1, 'MATEMATICA', 29);
INSERT INTO MENSOLA (LETTERA_MENSOLA, NUMERO_PIANO, CATEGORIA_SCAFFALE, CAPIENZA) VALUES ('D', 1, 'MATEMATICA', 35);
INSERT INTO MENSOLA (LETTERA_MENSOLA, NUMERO_PIANO, CATEGORIA_SCAFFALE, CAPIENZA) VALUES ('E', 1, 'MATEMATICA', 37);
INSERT INTO MENSOLA (LETTERA_MENSOLA, NUMERO_PIANO, CATEGORIA_SCAFFALE, CAPIENZA) VALUES ('F', 1, 'MATEMATICA', 29);
INSERT INTO MENSOLA (LETTERA_MENSOLA, NUMERO_PIANO, CATEGORIA_SCAFFALE, CAPIENZA) VALUES ('G', 1, 'MATEMATICA', 35);
INSERT INTO MENSOLA (LETTERA_MENSOLA, NUMERO_PIANO, CATEGORIA_SCAFFALE, CAPIENZA) VALUES ('H', 1, 'MATEMATICA', 37);
INSERT INTO MENSOLA (LETTERA_MENSOLA, NUMERO_PIANO, CATEGORIA_SCAFFALE, CAPIENZA) VALUES ('I', 2, 'MATEMATICA', 35);
INSERT INTO MENSOLA (LETTERA_MENSOLA, NUMERO_PIANO, CATEGORIA_SCAFFALE, CAPIENZA) VALUES ('J', 2, 'MATEMATICA', 37);
INSERT INTO MENSOLA (LETTERA_MENSOLA, NUMERO_PIANO, CATEGORIA_SCAFFALE, CAPIENZA) VALUES ('K', 2, 'MATEMATICA', 29);
INSERT INTO MENSOLA (LETTERA_MENSOLA, NUMERO_PIANO, CATEGORIA_SCAFFALE, CAPIENZA) VALUES ('L', 2, 'MATEMATICA', 35);
INSERT INTO MENSOLA (LETTERA_MENSOLA, NUMERO_PIANO, CATEGORIA_SCAFFALE, CAPIENZA) VALUES ('M', 2, 'MATEMATICA', 37);
INSERT INTO MENSOLA (LETTERA_MENSOLA, NUMERO_PIANO, CATEGORIA_SCAFFALE, CAPIENZA) VALUES ('N', 2, 'MATEMATICA', 29);
INSERT INTO MENSOLA (LETTERA_MENSOLA, NUMERO_PIANO, CATEGORIA_SCAFFALE, CAPIENZA) VALUES ('O', 2, 'MATEMATICA', 35);
INSERT INTO MENSOLA (LETTERA_MENSOLA, NUMERO_PIANO, CATEGORIA_SCAFFALE, CAPIENZA) VALUES ('P', 2, 'MATEMATICA', 37);
INSERT INTO MENSOLA (LETTERA_MENSOLA, NUMERO_PIANO, CATEGORIA_SCAFFALE, CAPIENZA) VALUES ('Q', 2, 'MATEMATICA', 37);
INSERT INTO MENSOLA (LETTERA_MENSOLA, NUMERO_PIANO, CATEGORIA_SCAFFALE, CAPIENZA) VALUES ('R', 3, 'MATEMATICA', 35);
INSERT INTO MENSOLA (LETTERA_MENSOLA, NUMERO_PIANO, CATEGORIA_SCAFFALE, CAPIENZA) VALUES ('S', 3, 'MATEMATICA', 37);
INSERT INTO MENSOLA (LETTERA_MENSOLA, NUMERO_PIANO, CATEGORIA_SCAFFALE, CAPIENZA) VALUES ('T', 3, 'MATEMATICA', 29);
INSERT INTO MENSOLA (LETTERA_MENSOLA, NUMERO_PIANO, CATEGORIA_SCAFFALE, CAPIENZA) VALUES ('U', 3, 'MATEMATICA', 35);
INSERT INTO MENSOLA (LETTERA_MENSOLA, NUMERO_PIANO, CATEGORIA_SCAFFALE, CAPIENZA) VALUES ('V', 3, 'MATEMATICA', 37);
INSERT INTO MENSOLA (LETTERA_MENSOLA, NUMERO_PIANO, CATEGORIA_SCAFFALE, CAPIENZA) VALUES ('W', 3, 'MATEMATICA', 29);
INSERT INTO MENSOLA (LETTERA_MENSOLA, NUMERO_PIANO, CATEGORIA_SCAFFALE, CAPIENZA) VALUES ('X', 3, 'MATEMATICA', 35);
INSERT INTO MENSOLA (LETTERA_MENSOLA, NUMERO_PIANO, CATEGORIA_SCAFFALE, CAPIENZA) VALUES ('Y', 3, 'MATEMATICA', 37);
INSERT INTO MENSOLA (LETTERA_MENSOLA, NUMERO_PIANO, CATEGORIA_SCAFFALE, CAPIENZA) VALUES ('Z', 3, 'MATEMATICA', 37);

/*Mensole scaffale libri horror*/
INSERT INTO MENSOLA (LETTERA_MENSOLA, NUMERO_PIANO, CATEGORIA_SCAFFALE, CAPIENZA) VALUES ('A', 1, 'HORROR', 35);
INSERT INTO MENSOLA (LETTERA_MENSOLA, NUMERO_PIANO, CATEGORIA_SCAFFALE, CAPIENZA) VALUES ('B', 1, 'HORROR', 37);
INSERT INTO MENSOLA (LETTERA_MENSOLA, NUMERO_PIANO, CATEGORIA_SCAFFALE, CAPIENZA) VALUES ('C', 1, 'HORROR', 29);
INSERT INTO MENSOLA (LETTERA_MENSOLA, NUMERO_PIANO, CATEGORIA_SCAFFALE, CAPIENZA) VALUES ('D', 1, 'HORROR', 35);
INSERT INTO MENSOLA (LETTERA_MENSOLA, NUMERO_PIANO, CATEGORIA_SCAFFALE, CAPIENZA) VALUES ('E', 1, 'HORROR', 37);
INSERT INTO MENSOLA (LETTERA_MENSOLA, NUMERO_PIANO, CATEGORIA_SCAFFALE, CAPIENZA) VALUES ('F', 1, 'HORROR', 29);
INSERT INTO MENSOLA (LETTERA_MENSOLA, NUMERO_PIANO, CATEGORIA_SCAFFALE, CAPIENZA) VALUES ('G', 1, 'HORROR', 35);
INSERT INTO MENSOLA (LETTERA_MENSOLA, NUMERO_PIANO, CATEGORIA_SCAFFALE, CAPIENZA) VALUES ('H', 1, 'HORROR', 37);
INSERT INTO MENSOLA (LETTERA_MENSOLA, NUMERO_PIANO, CATEGORIA_SCAFFALE, CAPIENZA) VALUES ('I', 2, 'HORROR', 35);
INSERT INTO MENSOLA (LETTERA_MENSOLA, NUMERO_PIANO, CATEGORIA_SCAFFALE, CAPIENZA) VALUES ('J', 2, 'HORROR', 37);
INSERT INTO MENSOLA (LETTERA_MENSOLA, NUMERO_PIANO, CATEGORIA_SCAFFALE, CAPIENZA) VALUES ('K', 2, 'HORROR', 29);
INSERT INTO MENSOLA (LETTERA_MENSOLA, NUMERO_PIANO, CATEGORIA_SCAFFALE, CAPIENZA) VALUES ('L', 2, 'HORROR', 35);
INSERT INTO MENSOLA (LETTERA_MENSOLA, NUMERO_PIANO, CATEGORIA_SCAFFALE, CAPIENZA) VALUES ('M', 2, 'HORROR', 37);
INSERT INTO MENSOLA (LETTERA_MENSOLA, NUMERO_PIANO, CATEGORIA_SCAFFALE, CAPIENZA) VALUES ('N', 2, 'HORROR', 29);
INSERT INTO MENSOLA (LETTERA_MENSOLA, NUMERO_PIANO, CATEGORIA_SCAFFALE, CAPIENZA) VALUES ('O', 2, 'HORROR', 35);
INSERT INTO MENSOLA (LETTERA_MENSOLA, NUMERO_PIANO, CATEGORIA_SCAFFALE, CAPIENZA) VALUES ('P', 2, 'HORROR', 37);
INSERT INTO MENSOLA (LETTERA_MENSOLA, NUMERO_PIANO, CATEGORIA_SCAFFALE, CAPIENZA) VALUES ('Q', 2, 'HORROR', 37);
INSERT INTO MENSOLA (LETTERA_MENSOLA, NUMERO_PIANO, CATEGORIA_SCAFFALE, CAPIENZA) VALUES ('R', 3, 'HORROR', 35);
INSERT INTO MENSOLA (LETTERA_MENSOLA, NUMERO_PIANO, CATEGORIA_SCAFFALE, CAPIENZA) VALUES ('S', 3, 'HORROR', 37);
INSERT INTO MENSOLA (LETTERA_MENSOLA, NUMERO_PIANO, CATEGORIA_SCAFFALE, CAPIENZA) VALUES ('T', 3, 'HORROR', 29);
INSERT INTO MENSOLA (LETTERA_MENSOLA, NUMERO_PIANO, CATEGORIA_SCAFFALE, CAPIENZA) VALUES ('U', 3, 'HORROR', 35);
INSERT INTO MENSOLA (LETTERA_MENSOLA, NUMERO_PIANO, CATEGORIA_SCAFFALE, CAPIENZA) VALUES ('V', 3, 'HORROR', 37);
INSERT INTO MENSOLA (LETTERA_MENSOLA, NUMERO_PIANO, CATEGORIA_SCAFFALE, CAPIENZA) VALUES ('W', 3, 'HORROR', 29);
INSERT INTO MENSOLA (LETTERA_MENSOLA, NUMERO_PIANO, CATEGORIA_SCAFFALE, CAPIENZA) VALUES ('X', 3, 'HORROR', 35);
INSERT INTO MENSOLA (LETTERA_MENSOLA, NUMERO_PIANO, CATEGORIA_SCAFFALE, CAPIENZA) VALUES ('Y', 3, 'HORROR', 37);
INSERT INTO MENSOLA (LETTERA_MENSOLA, NUMERO_PIANO, CATEGORIA_SCAFFALE, CAPIENZA) VALUES ('Z', 3, 'HORROR', 37);

/*Mensole scaffale libri fantasy*/
INSERT INTO MENSOLA (LETTERA_MENSOLA, NUMERO_PIANO, CATEGORIA_SCAFFALE, CAPIENZA) VALUES ('A', 1, 'FANTASY', 35);
INSERT INTO MENSOLA (LETTERA_MENSOLA, NUMERO_PIANO, CATEGORIA_SCAFFALE, CAPIENZA) VALUES ('B', 1, 'FANTASY', 37);
INSERT INTO MENSOLA (LETTERA_MENSOLA, NUMERO_PIANO, CATEGORIA_SCAFFALE, CAPIENZA) VALUES ('C', 1, 'FANTASY', 29);
INSERT INTO MENSOLA (LETTERA_MENSOLA, NUMERO_PIANO, CATEGORIA_SCAFFALE, CAPIENZA) VALUES ('D', 1, 'FANTASY', 35);
INSERT INTO MENSOLA (LETTERA_MENSOLA, NUMERO_PIANO, CATEGORIA_SCAFFALE, CAPIENZA) VALUES ('E', 1, 'FANTASY', 37);
INSERT INTO MENSOLA (LETTERA_MENSOLA, NUMERO_PIANO, CATEGORIA_SCAFFALE, CAPIENZA) VALUES ('F', 1, 'FANTASY', 29);
INSERT INTO MENSOLA (LETTERA_MENSOLA, NUMERO_PIANO, CATEGORIA_SCAFFALE, CAPIENZA) VALUES ('G', 1, 'FANTASY', 35);
INSERT INTO MENSOLA (LETTERA_MENSOLA, NUMERO_PIANO, CATEGORIA_SCAFFALE, CAPIENZA) VALUES ('H', 1, 'FANTASY', 37);
INSERT INTO MENSOLA (LETTERA_MENSOLA, NUMERO_PIANO, CATEGORIA_SCAFFALE, CAPIENZA) VALUES ('I', 2, 'FANTASY', 35);
INSERT INTO MENSOLA (LETTERA_MENSOLA, NUMERO_PIANO, CATEGORIA_SCAFFALE, CAPIENZA) VALUES ('J', 2, 'FANTASY', 37);
INSERT INTO MENSOLA (LETTERA_MENSOLA, NUMERO_PIANO, CATEGORIA_SCAFFALE, CAPIENZA) VALUES ('K', 2, 'FANTASY', 29);
INSERT INTO MENSOLA (LETTERA_MENSOLA, NUMERO_PIANO, CATEGORIA_SCAFFALE, CAPIENZA) VALUES ('L', 2, 'FANTASY', 35);
INSERT INTO MENSOLA (LETTERA_MENSOLA, NUMERO_PIANO, CATEGORIA_SCAFFALE, CAPIENZA) VALUES ('M', 2, 'FANTASY', 37);
INSERT INTO MENSOLA (LETTERA_MENSOLA, NUMERO_PIANO, CATEGORIA_SCAFFALE, CAPIENZA) VALUES ('N', 2, 'FANTASY', 29);
INSERT INTO MENSOLA (LETTERA_MENSOLA, NUMERO_PIANO, CATEGORIA_SCAFFALE, CAPIENZA) VALUES ('O', 2, 'FANTASY', 35);
INSERT INTO MENSOLA (LETTERA_MENSOLA, NUMERO_PIANO, CATEGORIA_SCAFFALE, CAPIENZA) VALUES ('P', 2, 'FANTASY', 37);
INSERT INTO MENSOLA (LETTERA_MENSOLA, NUMERO_PIANO, CATEGORIA_SCAFFALE, CAPIENZA) VALUES ('Q', 2, 'FANTASY', 37);
INSERT INTO MENSOLA (LETTERA_MENSOLA, NUMERO_PIANO, CATEGORIA_SCAFFALE, CAPIENZA) VALUES ('R', 3, 'FANTASY', 35);
INSERT INTO MENSOLA (LETTERA_MENSOLA, NUMERO_PIANO, CATEGORIA_SCAFFALE, CAPIENZA) VALUES ('S', 3, 'FANTASY', 37);
INSERT INTO MENSOLA (LETTERA_MENSOLA, NUMERO_PIANO, CATEGORIA_SCAFFALE, CAPIENZA) VALUES ('T', 3, 'FANTASY', 29);
INSERT INTO MENSOLA (LETTERA_MENSOLA, NUMERO_PIANO, CATEGORIA_SCAFFALE, CAPIENZA) VALUES ('U', 3, 'FANTASY', 35);
INSERT INTO MENSOLA (LETTERA_MENSOLA, NUMERO_PIANO, CATEGORIA_SCAFFALE, CAPIENZA) VALUES ('V', 3, 'FANTASY', 37);
INSERT INTO MENSOLA (LETTERA_MENSOLA, NUMERO_PIANO, CATEGORIA_SCAFFALE, CAPIENZA) VALUES ('W', 3, 'FANTASY', 29);
INSERT INTO MENSOLA (LETTERA_MENSOLA, NUMERO_PIANO, CATEGORIA_SCAFFALE, CAPIENZA) VALUES ('X', 3, 'FANTASY', 35);
INSERT INTO MENSOLA (LETTERA_MENSOLA, NUMERO_PIANO, CATEGORIA_SCAFFALE, CAPIENZA) VALUES ('Y', 3, 'FANTASY', 37);
INSERT INTO MENSOLA (LETTERA_MENSOLA, NUMERO_PIANO, CATEGORIA_SCAFFALE, CAPIENZA) VALUES ('Z', 3, 'FANTASY', 37);

/*Mensole scaffale libri gialli*/
INSERT INTO MENSOLA (LETTERA_MENSOLA, NUMERO_PIANO, CATEGORIA_SCAFFALE, CAPIENZA) VALUES ('A', 1, 'GIALLO', 35);
INSERT INTO MENSOLA (LETTERA_MENSOLA, NUMERO_PIANO, CATEGORIA_SCAFFALE, CAPIENZA) VALUES ('B', 1, 'GIALLO', 37);
INSERT INTO MENSOLA (LETTERA_MENSOLA, NUMERO_PIANO, CATEGORIA_SCAFFALE, CAPIENZA) VALUES ('C', 1, 'GIALLO', 29);
INSERT INTO MENSOLA (LETTERA_MENSOLA, NUMERO_PIANO, CATEGORIA_SCAFFALE, CAPIENZA) VALUES ('D', 1, 'GIALLO', 35);
INSERT INTO MENSOLA (LETTERA_MENSOLA, NUMERO_PIANO, CATEGORIA_SCAFFALE, CAPIENZA) VALUES ('E', 1, 'GIALLO', 37);
INSERT INTO MENSOLA (LETTERA_MENSOLA, NUMERO_PIANO, CATEGORIA_SCAFFALE, CAPIENZA) VALUES ('F', 1, 'GIALLO', 29);
INSERT INTO MENSOLA (LETTERA_MENSOLA, NUMERO_PIANO, CATEGORIA_SCAFFALE, CAPIENZA) VALUES ('G', 1, 'GIALLO', 35);
INSERT INTO MENSOLA (LETTERA_MENSOLA, NUMERO_PIANO, CATEGORIA_SCAFFALE, CAPIENZA) VALUES ('H', 1, 'GIALLO', 37);
INSERT INTO MENSOLA (LETTERA_MENSOLA, NUMERO_PIANO, CATEGORIA_SCAFFALE, CAPIENZA) VALUES ('I', 2, 'GIALLO', 35);
INSERT INTO MENSOLA (LETTERA_MENSOLA, NUMERO_PIANO, CATEGORIA_SCAFFALE, CAPIENZA) VALUES ('J', 2, 'GIALLO', 37);
INSERT INTO MENSOLA (LETTERA_MENSOLA, NUMERO_PIANO, CATEGORIA_SCAFFALE, CAPIENZA) VALUES ('K', 2, 'GIALLO', 29);
INSERT INTO MENSOLA (LETTERA_MENSOLA, NUMERO_PIANO, CATEGORIA_SCAFFALE, CAPIENZA) VALUES ('L', 2, 'GIALLO', 35);
INSERT INTO MENSOLA (LETTERA_MENSOLA, NUMERO_PIANO, CATEGORIA_SCAFFALE, CAPIENZA) VALUES ('M', 2, 'GIALLO', 37);
INSERT INTO MENSOLA (LETTERA_MENSOLA, NUMERO_PIANO, CATEGORIA_SCAFFALE, CAPIENZA) VALUES ('N', 2, 'GIALLO', 29);
INSERT INTO MENSOLA (LETTERA_MENSOLA, NUMERO_PIANO, CATEGORIA_SCAFFALE, CAPIENZA) VALUES ('O', 2, 'GIALLO', 35);
INSERT INTO MENSOLA (LETTERA_MENSOLA, NUMERO_PIANO, CATEGORIA_SCAFFALE, CAPIENZA) VALUES ('P', 2, 'GIALLO', 37);
INSERT INTO MENSOLA (LETTERA_MENSOLA, NUMERO_PIANO, CATEGORIA_SCAFFALE, CAPIENZA) VALUES ('Q', 2, 'GIALLO', 37);
INSERT INTO MENSOLA (LETTERA_MENSOLA, NUMERO_PIANO, CATEGORIA_SCAFFALE, CAPIENZA) VALUES ('R', 3, 'GIALLO', 35);
INSERT INTO MENSOLA (LETTERA_MENSOLA, NUMERO_PIANO, CATEGORIA_SCAFFALE, CAPIENZA) VALUES ('S', 3, 'GIALLO', 37);
INSERT INTO MENSOLA (LETTERA_MENSOLA, NUMERO_PIANO, CATEGORIA_SCAFFALE, CAPIENZA) VALUES ('T', 3, 'GIALLO', 29);
INSERT INTO MENSOLA (LETTERA_MENSOLA, NUMERO_PIANO, CATEGORIA_SCAFFALE, CAPIENZA) VALUES ('U', 3, 'GIALLO', 35);
INSERT INTO MENSOLA (LETTERA_MENSOLA, NUMERO_PIANO, CATEGORIA_SCAFFALE, CAPIENZA) VALUES ('V', 3, 'GIALLO', 37);
INSERT INTO MENSOLA (LETTERA_MENSOLA, NUMERO_PIANO, CATEGORIA_SCAFFALE, CAPIENZA) VALUES ('W', 3, 'GIALLO', 29);
INSERT INTO MENSOLA (LETTERA_MENSOLA, NUMERO_PIANO, CATEGORIA_SCAFFALE, CAPIENZA) VALUES ('X', 3, 'GIALLO', 35);
INSERT INTO MENSOLA (LETTERA_MENSOLA, NUMERO_PIANO, CATEGORIA_SCAFFALE, CAPIENZA) VALUES ('Y', 3, 'GIALLO', 37);
INSERT INTO MENSOLA (LETTERA_MENSOLA, NUMERO_PIANO, CATEGORIA_SCAFFALE, CAPIENZA) VALUES ('Z', 3, 'GIALLO', 37);

/*Mensole scaffale libri di romanzi*/
INSERT INTO MENSOLA (LETTERA_MENSOLA, NUMERO_PIANO, CATEGORIA_SCAFFALE, CAPIENZA) VALUES ('A', 1, 'ROMANZO', 35);
INSERT INTO MENSOLA (LETTERA_MENSOLA, NUMERO_PIANO, CATEGORIA_SCAFFALE, CAPIENZA) VALUES ('B', 1, 'ROMANZO', 37);
INSERT INTO MENSOLA (LETTERA_MENSOLA, NUMERO_PIANO, CATEGORIA_SCAFFALE, CAPIENZA) VALUES ('C', 1, 'ROMANZO', 29);
INSERT INTO MENSOLA (LETTERA_MENSOLA, NUMERO_PIANO, CATEGORIA_SCAFFALE, CAPIENZA) VALUES ('D', 1, 'ROMANZO', 35);
INSERT INTO MENSOLA (LETTERA_MENSOLA, NUMERO_PIANO, CATEGORIA_SCAFFALE, CAPIENZA) VALUES ('E', 1, 'ROMANZO', 37);
INSERT INTO MENSOLA (LETTERA_MENSOLA, NUMERO_PIANO, CATEGORIA_SCAFFALE, CAPIENZA) VALUES ('F', 1, 'ROMANZO', 29);
INSERT INTO MENSOLA (LETTERA_MENSOLA, NUMERO_PIANO, CATEGORIA_SCAFFALE, CAPIENZA) VALUES ('G', 1, 'ROMANZO', 35);
INSERT INTO MENSOLA (LETTERA_MENSOLA, NUMERO_PIANO, CATEGORIA_SCAFFALE, CAPIENZA) VALUES ('H', 1, 'ROMANZO', 37);
INSERT INTO MENSOLA (LETTERA_MENSOLA, NUMERO_PIANO, CATEGORIA_SCAFFALE, CAPIENZA) VALUES ('I', 2, 'ROMANZO', 35);
INSERT INTO MENSOLA (LETTERA_MENSOLA, NUMERO_PIANO, CATEGORIA_SCAFFALE, CAPIENZA) VALUES ('J', 2, 'ROMANZO', 37);
INSERT INTO MENSOLA (LETTERA_MENSOLA, NUMERO_PIANO, CATEGORIA_SCAFFALE, CAPIENZA) VALUES ('K', 2, 'ROMANZO', 29);
INSERT INTO MENSOLA (LETTERA_MENSOLA, NUMERO_PIANO, CATEGORIA_SCAFFALE, CAPIENZA) VALUES ('L', 2, 'ROMANZO', 35);
INSERT INTO MENSOLA (LETTERA_MENSOLA, NUMERO_PIANO, CATEGORIA_SCAFFALE, CAPIENZA) VALUES ('M', 2, 'ROMANZO', 37);
INSERT INTO MENSOLA (LETTERA_MENSOLA, NUMERO_PIANO, CATEGORIA_SCAFFALE, CAPIENZA) VALUES ('N', 2, 'ROMANZO', 29);
INSERT INTO MENSOLA (LETTERA_MENSOLA, NUMERO_PIANO, CATEGORIA_SCAFFALE, CAPIENZA) VALUES ('O', 2, 'ROMANZO', 35);
INSERT INTO MENSOLA (LETTERA_MENSOLA, NUMERO_PIANO, CATEGORIA_SCAFFALE, CAPIENZA) VALUES ('P', 2, 'ROMANZO', 37);
INSERT INTO MENSOLA (LETTERA_MENSOLA, NUMERO_PIANO, CATEGORIA_SCAFFALE, CAPIENZA) VALUES ('Q', 2, 'ROMANZO', 37);
INSERT INTO MENSOLA (LETTERA_MENSOLA, NUMERO_PIANO, CATEGORIA_SCAFFALE, CAPIENZA) VALUES ('R', 3, 'ROMANZO', 35);
INSERT INTO MENSOLA (LETTERA_MENSOLA, NUMERO_PIANO, CATEGORIA_SCAFFALE, CAPIENZA) VALUES ('S', 3, 'ROMANZO', 37);
INSERT INTO MENSOLA (LETTERA_MENSOLA, NUMERO_PIANO, CATEGORIA_SCAFFALE, CAPIENZA) VALUES ('T', 3, 'ROMANZO', 29);
INSERT INTO MENSOLA (LETTERA_MENSOLA, NUMERO_PIANO, CATEGORIA_SCAFFALE, CAPIENZA) VALUES ('U', 3, 'ROMANZO', 35);
INSERT INTO MENSOLA (LETTERA_MENSOLA, NUMERO_PIANO, CATEGORIA_SCAFFALE, CAPIENZA) VALUES ('V', 3, 'ROMANZO', 37);
INSERT INTO MENSOLA (LETTERA_MENSOLA, NUMERO_PIANO, CATEGORIA_SCAFFALE, CAPIENZA) VALUES ('W', 3, 'ROMANZO', 29);
INSERT INTO MENSOLA (LETTERA_MENSOLA, NUMERO_PIANO, CATEGORIA_SCAFFALE, CAPIENZA) VALUES ('X', 3, 'ROMANZO', 35);
INSERT INTO MENSOLA (LETTERA_MENSOLA, NUMERO_PIANO, CATEGORIA_SCAFFALE, CAPIENZA) VALUES ('Y', 3, 'ROMANZO', 37);
INSERT INTO MENSOLA (LETTERA_MENSOLA, NUMERO_PIANO, CATEGORIA_SCAFFALE, CAPIENZA) VALUES ('Z', 3, 'ROMANZO', 37);

CREATE TABLE ORDINE (
    DATA_ACQUISTO_ORDINE DATE,
    ISBN_COPIE_ACQUISTATE CHAR(13) NOT NULL,
    NUMERO_COPIE_ACQUISTATE INT NOT NULL,
    ID_FORNITORE INT,
    PRIMARY KEY (DATA_ACQUISTO_ORDINE, ID_FORNITORE),
    FOREIGN KEY (ID_FORNITORE) REFERENCES FORNITORE(ID_FORNITORE),
    CHECK (ISBN_COPIE_ACQUISTATE REGEXP '^[0-9]{13}$'),
    CHECK (NUMERO_COPIE_ACQUISTATE > 0)
);

INSERT INTO ORDINE (DATA_ACQUISTO_ORDINE, ISBN_COPIE_ACQUISTATE, NUMERO_COPIE_ACQUISTATE, ID_FORNITORE) VALUES ('2022-12-31', '1234567890123', 13, 1);
INSERT INTO ORDINE (DATA_ACQUISTO_ORDINE, ISBN_COPIE_ACQUISTATE, NUMERO_COPIE_ACQUISTATE, ID_FORNITORE) VALUES ('2021-04-22', '1234567890134', 14, 2);
INSERT INTO ORDINE (DATA_ACQUISTO_ORDINE, ISBN_COPIE_ACQUISTATE, NUMERO_COPIE_ACQUISTATE, ID_FORNITORE) VALUES ('2023-03-14', '1234567890147', 11, 3);
INSERT INTO ORDINE (DATA_ACQUISTO_ORDINE, ISBN_COPIE_ACQUISTATE, NUMERO_COPIE_ACQUISTATE, ID_FORNITORE) VALUES ('2019-06-12', '1234567890179', 7, 4);
INSERT INTO ORDINE (DATA_ACQUISTO_ORDINE, ISBN_COPIE_ACQUISTATE, NUMERO_COPIE_ACQUISTATE, ID_FORNITORE) VALUES ('2018-09-07', '1234567890159', 19, 5);
INSERT INTO ORDINE (DATA_ACQUISTO_ORDINE, ISBN_COPIE_ACQUISTATE, NUMERO_COPIE_ACQUISTATE, ID_FORNITORE) VALUES ('2019-10-07', '1234567890160', 12, 6);
INSERT INTO ORDINE (DATA_ACQUISTO_ORDINE, ISBN_COPIE_ACQUISTATE, NUMERO_COPIE_ACQUISTATE, ID_FORNITORE) VALUES ('2020-04-08', '1234567890161', 13, 7);
INSERT INTO ORDINE (DATA_ACQUISTO_ORDINE, ISBN_COPIE_ACQUISTATE, NUMERO_COPIE_ACQUISTATE, ID_FORNITORE) VALUES ('2021-06-17', '1234567890162', 20, 8);
INSERT INTO ORDINE (DATA_ACQUISTO_ORDINE, ISBN_COPIE_ACQUISTATE, NUMERO_COPIE_ACQUISTATE, ID_FORNITORE) VALUES ('2019-09-27', '1234567890163', 11, 9);
INSERT INTO ORDINE (DATA_ACQUISTO_ORDINE, ISBN_COPIE_ACQUISTATE, NUMERO_COPIE_ACQUISTATE, ID_FORNITORE) VALUES ('2018-11-30', '1234567890164', 10, 10);
INSERT INTO ORDINE (DATA_ACQUISTO_ORDINE, ISBN_COPIE_ACQUISTATE, NUMERO_COPIE_ACQUISTATE, ID_FORNITORE) VALUES ('2017-12-12', '1234567890165', 29, 11);
INSERT INTO ORDINE (DATA_ACQUISTO_ORDINE, ISBN_COPIE_ACQUISTATE, NUMERO_COPIE_ACQUISTATE, ID_FORNITORE) VALUES ('2019-08-15', '1234567890166', 10, 12);
INSERT INTO ORDINE (DATA_ACQUISTO_ORDINE, ISBN_COPIE_ACQUISTATE, NUMERO_COPIE_ACQUISTATE, ID_FORNITORE) VALUES ('2016-03-19', '1234567890167', 9, 13);
INSERT INTO ORDINE (DATA_ACQUISTO_ORDINE, ISBN_COPIE_ACQUISTATE, NUMERO_COPIE_ACQUISTATE, ID_FORNITORE) VALUES ('2018-08-21', '1234567890168', 8, 14);
INSERT INTO ORDINE (DATA_ACQUISTO_ORDINE, ISBN_COPIE_ACQUISTATE, NUMERO_COPIE_ACQUISTATE, ID_FORNITORE) VALUES ('2019-09-03', '1234567890169', 13, 15);

CREATE TABLE COPIA (
    ISBN CHAR(13),
    NUMERO_COPIA INT,
    CONDIZIONE VARCHAR(5) NOT NULL,
    LETTERA_MENSOLA CHAR(1) NOT NULL,
    NUMERO_PIANO TINYINT NOT NULL,
    CATEGORIA_SCAFFALE VARCHAR(20) NOT NULL,
    DATA_ACQUISTO_ORDINE DATE NOT NULL,
    ID_FORNITORE INT NOT NULL,
    PRIMARY KEY (ISBN, NUMERO_COPIA),
    FOREIGN KEY (ISBN) REFERENCES LIBRO(ISBN),
    FOREIGN KEY (LETTERA_MENSOLA, NUMERO_PIANO, CATEGORIA_SCAFFALE) REFERENCES MENSOLA(LETTERA_MENSOLA, NUMERO_PIANO, CATEGORIA_SCAFFALE),
    FOREIGN KEY (DATA_ACQUISTO_ORDINE, ID_FORNITORE) REFERENCES ORDINE(DATA_ACQUISTO_ORDINE, ID_FORNITORE),
    CHECK (ISBN REGEXP '^[0-9]{13}$'),
    CHECK (NUMERO_COPIA > 0),
    CHECK (LOWER(CONDIZIONE) IN ('nuovo', 'usato'))
);

INSERT INTO COPIA (ISBN, NUMERO_COPIA, CONDIZIONE, LETTERA_MENSOLA, NUMERO_PIANO, CATEGORIA_SCAFFALE, DATA_ACQUISTO_ORDINE, ID_FORNITORE) VALUES 
('1234567890123', 1000, 'USATO', 'B', 1, 'SCIENZE', '2022-12-31', 1),
('1234567890123', 1001, 'NUOVO', 'B', 1, 'SCIENZE', '2022-12-31', 1),
('1234567890166', 1000, 'NUOVO', 'I', 2, 'SCIENZE', '2016-03-19', 13),
('1234567890166', 1001, 'NUOVO', 'I', 2, 'SCIENZE', '2016-03-19', 13),
('1234567890123', 1002, 'NUOVO', 'B', 1, 'SCIENZE', '2022-12-31', 1),
('1234567890166', 1003, 'USATO', 'I', 2, 'SCIENZE', '2016-03-19', 13),

('1234567890134', 1000, 'NUOVO', 'C', 1, 'MATEMATICA', '2021-04-22', 2),
('1234567890134', 1001, 'USATO', 'C', 1, 'MATEMATICA', '2021-04-22', 2),
('1234567890134', 1002, 'USATO', 'C', 1, 'MATEMATICA', '2021-04-22', 2),

('1234567890179', 1000, 'NUOVO', 'S', 3, 'STORIA', '2019-06-12', 4),
('1234567890179', 1001, 'NUOVO', 'S', 3, 'STORIA', '2019-06-12', 4),
('1234567890147', 1001, 'NUOVO', 'T', 3, 'STORIA', '2018-09-07', 5),
('1234567890179', 1002, 'USATO', 'S', 3, 'STORIA', '2019-06-12', 4),
('1234567890147', 1002, 'NUOVO', 'T', 3, 'STORIA', '2018-09-07', 5),

('1234567890159', 1000, 'USATO', 'G', 1, 'GEOGRAFIA', '2019-10-07', 6),
('1234567890159', 1001, 'USATO', 'G', 1, 'GEOGRAFIA', '2019-10-07', 6),
('1234567890159', 1002, 'NUOVO', 'G', 1, 'GEOGRAFIA', '2019-10-07', 6),

('1234567890160', 1000, 'USATO', 'I', 2, 'LETTERATURA', '2020-04-08', 7),
('1234567890165', 1000, 'USATO', 'I', 2, 'LETTERATURA', '2019-08-15', 12),
('1234567890160', 1001, 'NUOVO', 'I', 2, 'LETTERATURA', '2020-04-08', 7),
('1234567890160', 1002, 'NUOVO', 'I', 2, 'LETTERATURA', '2020-04-08', 7),
('1234567890165', 1001, 'USATO', 'I', 2, 'LETTERATURA', '2019-08-15', 12),
('1234567890165', 1002, 'NUOVO', 'I', 2, 'LETTERATURA', '2019-08-15', 12),

('1234567890161', 1000, 'NUOVO', 'I', 2, 'HORROR', '2021-06-17', 8),
('1234567890161', 1001, 'NUOVO', 'I', 2, 'HORROR', '2021-06-17', 8),
('1234567890161', 1002, 'USATO', 'I', 2, 'HORROR', '2021-06-17', 8),

('1234567890162', 1000, 'USATO', 'I', 2, 'FANTASY', '2019-09-27', 9),
('1234567890168', 1000, 'USATO', 'L', 2, 'FANTASY', '2019-09-03', 15),
('1234567890162', 1001, 'USATO', 'I', 2, 'FANTASY', '2019-09-27', 9),
('1234567890168', 1001, 'NUOVO', 'L', 2, 'FANTASY', '2019-09-03', 15),
('1234567890162', 1002, 'USATO', 'I', 2, 'FANTASY', '2019-09-27', 9),
('1234567890168', 1002, 'USATO', 'L', 2, 'FANTASY', '2019-09-03', 15),

('1234567890163', 1000, 'USATO', 'S', 3, 'GIALLO', '2018-11-30', 10),
('1234567890167', 1000, 'NUOVO', 'I', 2, 'GIALLO', '2018-08-21', 14),
('1234567890163', 1001, 'USATO', 'S', 3, 'GIALLO', '2018-11-30', 10),
('1234567890167', 1001, 'USATO', 'I', 2, 'GIALLO', '2018-08-21', 14),
('1234567890163', 1002, 'NUOVO', 'S', 3, 'GIALLO', '2018-11-30', 10),
('1234567890167', 1002, 'USATO', 'I', 2, 'GIALLO', '2018-08-21', 14),

('1234567890164', 1000, 'NUOVO', 'I', 2, 'ROMANZO', '2017-12-12', 11),
('1234567890169', 1000, 'USATO', 'L', 2, 'ROMANZO', '2023-03-14', 3),
('1234567890164', 1001, 'USATO', 'I', 2, 'ROMANZO', '2017-12-12', 11),
('1234567890169', 1001, 'NUOVO', 'L', 2, 'ROMANZO', '2023-03-14', 3),
('1234567890164', 1002, 'NUOVO', 'I', 2, 'ROMANZO', '2017-12-12', 11),
('1234567890169', 1002, 'USATO', 'L', 2, 'ROMANZO', '2023-03-14', 3);

CREATE TABLE RECENSIONE (
    DATA_RECENSIONE DATE,
    VALUTAZIONE INT NOT NULL,
    ISBN CHAR(13) NOT NULL,
    NUMERO_TESSERA CHAR(8),
    PRIMARY KEY (ISBN, NUMERO_TESSERA),
    FOREIGN KEY (ISBN) REFERENCES LIBRO(ISBN),
    FOREIGN KEY (NUMERO_TESSERA) REFERENCES REGISTRAZIONE(NUMERO_TESSERA),
    CHECK (VALUTAZIONE IN (1, 2, 3, 4, 5))
);

INSERT INTO RECENSIONE (DATA_RECENSIONE, VALUTAZIONE, ISBN, NUMERO_TESSERA) VALUES ('2020-02-24', 3, '1234567890123', '12345678');
INSERT INTO RECENSIONE (DATA_RECENSIONE, VALUTAZIONE, ISBN, NUMERO_TESSERA) VALUES ('2019-03-12', 1, '1234567890134', '12345679');
INSERT INTO RECENSIONE (DATA_RECENSIONE, VALUTAZIONE, ISBN, NUMERO_TESSERA) VALUES ('2022-04-04', 5, '1234567890169', '12345670');
INSERT INTO RECENSIONE (DATA_RECENSIONE, VALUTAZIONE, ISBN, NUMERO_TESSERA) VALUES ('2021-05-16', 5, '1234567890179', '12345680');
INSERT INTO RECENSIONE (DATA_RECENSIONE, VALUTAZIONE, ISBN, NUMERO_TESSERA) VALUES ('2020-04-09', 4, '1234567890159', '12345681');
INSERT INTO RECENSIONE (DATA_RECENSIONE, VALUTAZIONE, ISBN, NUMERO_TESSERA) VALUES ('2019-02-24', 2, '1234567890160', '12345682');
INSERT INTO RECENSIONE (DATA_RECENSIONE, VALUTAZIONE, ISBN, NUMERO_TESSERA) VALUES ('2021-08-27', 4, '1234567890161', '12345683');
INSERT INTO RECENSIONE (DATA_RECENSIONE, VALUTAZIONE, ISBN, NUMERO_TESSERA) VALUES ('2023-06-19', 3, '1234567890162', '12345684');
INSERT INTO RECENSIONE (DATA_RECENSIONE, VALUTAZIONE, ISBN, NUMERO_TESSERA) VALUES ('2022-12-19', 3, '1234567890163', '12345685');
INSERT INTO RECENSIONE (DATA_RECENSIONE, VALUTAZIONE, ISBN, NUMERO_TESSERA) VALUES ('2021-03-22', 1, '1234567890164', '12345686');
INSERT INTO RECENSIONE (DATA_RECENSIONE, VALUTAZIONE, ISBN, NUMERO_TESSERA) VALUES ('2020-10-01', 3, '1234567890165', '12345687');
INSERT INTO RECENSIONE (DATA_RECENSIONE, VALUTAZIONE, ISBN, NUMERO_TESSERA) VALUES ('2019-11-23', 5, '1234567890166', '12345688');
INSERT INTO RECENSIONE (DATA_RECENSIONE, VALUTAZIONE, ISBN, NUMERO_TESSERA) VALUES ('2021-09-26', 4, '1234567890167', '12345689');
INSERT INTO RECENSIONE (DATA_RECENSIONE, VALUTAZIONE, ISBN, NUMERO_TESSERA) VALUES ('2018-06-11', 3, '1234567890168', '12345690');
INSERT INTO RECENSIONE (DATA_RECENSIONE, VALUTAZIONE, ISBN, NUMERO_TESSERA) VALUES ('2023-02-12', 3, '1234567890147', '12345691');

CREATE TABLE PRENDE (
    NUMERO_TESSERA CHAR(8),
    ISBN CHAR(13),
    NUMERO_COPIA INT,
    DATA_INIZIO_PRESTITO DATE NOT NULL,
    DATA_SCADENZA_PRESTITO DATE NOT NULL,
    DATA_RESTITUZIONE DATE,
    PRIMARY KEY (NUMERO_TESSERA, ISBN, NUMERO_COPIA),
    FOREIGN KEY (NUMERO_TESSERA) REFERENCES REGISTRAZIONE(NUMERO_TESSERA),
    FOREIGN KEY (ISBN, NUMERO_COPIA) REFERENCES COPIA(ISBN, NUMERO_COPIA)
);

INSERT INTO PRENDE (NUMERO_TESSERA, ISBN, NUMERO_COPIA, DATA_INIZIO_PRESTITO, DATA_SCADENZA_PRESTITO, DATA_RESTITUZIONE) VALUES ('12345678', '1234567890123', 1000, '2022-01-01', '2022-01-15', '2022-01-15');

CREATE TABLE SEGUITO (
    NUMERO_TESSERA CHAR(8),
    DATA_E_ORA_EVENTO DATETIME,
    PRIMARY KEY (NUMERO_TESSERA, DATA_E_ORA_EVENTO),
    FOREIGN KEY (NUMERO_TESSERA) REFERENCES REGISTRAZIONE(NUMERO_TESSERA),
    FOREIGN KEY (DATA_E_ORA_EVENTO) REFERENCES EVENTO(DATA_E_ORA_EVENTO)
);

CREATE TABLE SCRITTO (
    ISNI CHAR(16) NOT NULL,
    ISBN CHAR(13) NOT NULL,
    PRIMARY KEY (ISNI, ISBN),
    FOREIGN KEY (ISNI) REFERENCES AUTORE(ISNI),
    FOREIGN KEY (ISBN) REFERENCES LIBRO(ISBN)
);

INSERT INTO SCRITTO (ISNI, ISBN) VALUES ('0000000123456789', '1234567890123');
INSERT INTO SCRITTO (ISNI, ISBN) VALUES ('0000001123456789', '1234567890134');
INSERT INTO SCRITTO (ISNI, ISBN) VALUES ('0000011123456789', '1234567890147');
INSERT INTO SCRITTO (ISNI, ISBN) VALUES ('0000111123456789', '1234567890179');
INSERT INTO SCRITTO (ISNI, ISBN) VALUES ('0001111123456789', '1234567890159');
INSERT INTO SCRITTO (ISNI, ISBN) VALUES ('0011111123456789', '1234567890160');
INSERT INTO SCRITTO (ISNI, ISBN) VALUES ('0111111123456789', '1234567890161');
INSERT INTO SCRITTO (ISNI, ISBN) VALUES ('1111111123456789', '1234567890162');
INSERT INTO SCRITTO (ISNI, ISBN) VALUES ('2111111123456789', '1234567890163');
INSERT INTO SCRITTO (ISNI, ISBN) VALUES ('2211111123456789', '1234567890164');
INSERT INTO SCRITTO (ISNI, ISBN) VALUES ('2221111123456789', '1234567890165');
INSERT INTO SCRITTO (ISNI, ISBN) VALUES ('2222111123456789', '1234567890166');
INSERT INTO SCRITTO (ISNI, ISBN) VALUES ('2222211123456789', '1234567890167');
INSERT INTO SCRITTO (ISNI, ISBN) VALUES ('2222221123456789', '1234567890168');
INSERT INTO SCRITTO (ISNI, ISBN) VALUES ('2222222123456789', '1234567890169');

CREATE TABLE ASSISTE (
    CODICE_FISCALE_CLIENTE CHAR(16),
    NUMERO_MATRICOLA CHAR(8),
    DATA_ASSISTENZA DATE NOT NULL,
    PRIMARY KEY (CODICE_FISCALE_CLIENTE, NUMERO_MATRICOLA, DATA_ASSISTENZA),
    FOREIGN KEY (CODICE_FISCALE_CLIENTE) REFERENCES CLIENTE(CODICE_FISCALE_CLIENTE),
    FOREIGN KEY (NUMERO_MATRICOLA) REFERENCES BIBLIOTECARIO(NUMERO_MATRICOLA)
);
